item_id,sell,profit,margin_pct,in_stock,oos,on_hold,sold,error_flags,ACTION,reason,ebay_url,title
406494715836,79.0,17.01,21.5,1,0,0,0,title-changed,CLOSE,0 sold (dead weight) | flags: title-changed,https://www.ebay.com/itm/RC-Excavator-Toy-Rechargeable-Tracked-Digger-Metal-Shovel-Light-Sound-Kids-/406494715836,RC Excavator Toy Rechargeable Tracked Digger Metal Shovel Light Sound Kids
406494714540,243.97,73.89,30.3,0,1,0,0,,CLOSE,"no available stock (OOS 1 / on-hold 0), 0 sold — oversell risk",https://www.ebay.com/itm/Mini-Flat-Iron-0-7in-Ceramic-Hair-Straightener-Short-Hair-Bangs-Travel-/406494714540,Mini Flat Iron 0.7in Ceramic Hair Straightener for Short Hair Bangs Travel
406494713723,77.97,15.94,20.4,1,0,0,0,,CLOSE,0 sold (dead weight),https://www.ebay.com/itm/Pressurized-Handheld-Steam-Cleaner-Multi-Surface-Steamer-12pc-Kit-Grey-/406494713723,Pressurized Handheld Steam Cleaner Multi Surface Steamer 12pc Kit Grey
406494713230,33.08,7.78,23.5,1,0,0,0,,CLOSE,0 sold (dead weight),https://www.ebay.com/itm/Rechargeable-Hand-Warmers-2-Pack-6000mAh-Electric-Portable-Outdoor-Winter-/406494713230,Rechargeable Hand Warmers 2 Pack 6000mAh Electric Portable Outdoor Winter
406494713215,45.39,10.24,22.6,1,0,0,0,"VeRO,title-changed",CLOSE,"0 sold (dead weight) | flags: VeRO,title-changed",https://www.ebay.com/itm/Portable-Clothes-Steamer-Handheld-240ml-700W-Home-Office-120V-Only-/406494713215,Portable Clothes Steamer Handheld 240ml 700W for Home Office 120V Only
406494711914,53.86,11.44,21.2,1,0,0,0,,CLOSE,0 sold (dead weight),https://www.ebay.com/itm/Microwave-Splatter-Cover-Glass-Vented-Lid-Collapsible-Silicone-10-8in-/406494711914,Microwave Splatter Cover Glass Vented Lid Collapsible Silicone 10.8in
406494711143,45.71,10.5,23.0,1,0,0,0,"VeRO,title-changed",CLOSE,"0 sold (dead weight) | flags: VeRO,title-changed",https://www.ebay.com/itm/Flying-Orb-Ball-Toy-Boomerang-Hover-Spinner-Hand-Drone-Globe-Blue-/406494711143,Flying Orb Ball Toy Boomerang Hover Spinner Hand Drone Globe Blue
406494709381,53.84,15.42,28.6,1,0,0,0,title-changed,CLOSE,0 sold (dead weight) | flags: title-changed,https://www.ebay.com/itm/Wall-Climbing-RC-Gecko-Lizard-Toy-Rechargeable-Remote-Control-Crawler-Grey-/406494709381,Wall Climbing RC Gecko Lizard Toy Rechargeable Remote Control Crawler Grey
406494705925,99.97,24.63,24.6,1,0,0,0,duplicate,CLOSE,0 sold (dead weight) | flags: duplicate,https://www.ebay.com/itm/RC-Robot-Dinosaur-Remote-Control-Interactive-Walking-Dancing-Singing-Fight-Mode-/406494705925,RC Robot Dinosaur Remote Control Interactive Walking Dancing Singing Fight Mode
406494684229,213.06,47.62,22.4,0,1,0,0,,CLOSE,"no available stock (OOS 1 / on-hold 0), 0 sold — oversell risk",https://www.ebay.com/itm/Pet-Grooming-Vacuum-Kit-Shedding-Dogs-Cats-Hair-Trimmer-Vacuum-1-5L-Low-Noise-/406494684229,Pet Grooming Vacuum Kit Shedding Dogs Cats Hair Trimmer Vacuum 1.5L Low Noise
406494676018,28.4,8.8,31.0,1,0,0,0,,CLOSE,0 sold (dead weight),https://www.ebay.com/itm/Winter-Waterproof-Warm-Gloves-Touchscreen-Ski-Snow-Windproof-Thermal-/406494676018,Winter Waterproof Warm Gloves Touchscreen Ski Snow Windproof Thermal
406494646578,156.8,32.94,21.0,1,0,0,0,,CLOSE,0 sold (dead weight),https://www.ebay.com/itm/Magic-1-Vacuum-Garment-Steamer-Handheld-Travel-Clothes-Steamer-110-120V-/406494646578,Magic 1 Vacuum Garment Steamer Handheld Travel Clothes Steamer 110 120V
406494642837,16.08,7.37,45.8,1,0,0,0,title-changed,CLOSE,0 sold (dead weight) | flags: title-changed,https://www.ebay.com/itm/Funny-Christmas-Ornament-Age-6-7-2025-Acrylic-Holiday-Tree-Decor-Gift-/406494642837,Funny Christmas Ornament Age 6 7 2025 Acrylic Holiday Tree Decor Gift
406494642701,15.69,7.0,44.6,1,0,0,0,,CLOSE,0 sold (dead weight),https://www.ebay.com/itm/a-/406494642701,a
406494642355,324.11,75.16,23.2,1,0,0,0,,CLOSE,0 sold (dead weight),https://www.ebay.com/itm/HV322-Rocket-Pet-Plus-Corded-Stick-Vacuum-LED-Headlights-XL-Dust-Cup-/406494642355,HV322 Rocket Pet Plus Corded Stick Vacuum LED Headlights XL Dust Cup
406494641398,43.67,23.82,54.5,1,0,0,0,"VeRO,title-changed",CLOSE,"0 sold (dead weight) | flags: VeRO,title-changed",https://www.ebay.com/itm/Under-Eye-Brightener-Cooling-Metal-Roller-Caffeine-Ceramide-Eye-Cream-15ml-/406494641398,Under Eye Brightener Cooling Metal Roller Caffeine Ceramide Eye Cream 15ml
406494637061,50.83,13.36,26.3,0,0,1,0,,CLOSE,"no available stock (OOS 0 / on-hold 1), 0 sold — oversell risk",https://www.ebay.com/itm/Mini-Heat-Press-Portable-Shoe-Baby-Clothes-T-Shirt-Iron-Single-Setting-Blue-/406494637061,Mini Heat Press Portable Shoe Baby Clothes T-Shirt Iron Single Setting Blue
406494632927,32.97,7.68,23.3,1,0,0,0,"VeRO,title-changed",CLOSE,"0 sold (dead weight) | flags: VeRO,title-changed",https://www.ebay.com/itm/60-Color-Dual-Tip-Art-Markers-Set-Chisel-Fine-Tips-Case-Holders-Drawing-/406494632927,60 Color Dual Tip Art Markers Set Chisel Fine Tips with Case Holders for Drawing
406494629458,38.44,13.33,34.7,1,0,0,1,VeRO,KEEP+REPRICE,proven seller (1 sold) — optimize price/title + fix VeRO,https://www.ebay.com/itm/Beginner-Crochet-Kit-Make-Snail-Dora-Amigurumi-Plush-DIY-Starter-Set-Video-Guide-/406494629458,Beginner Crochet Kit Make Snail Dora Amigurumi Plush DIY Starter Set Video Guide
406494624379,44.59,9.11,20.4,1,0,0,0,"VeRO,title-changed",CLOSE,"0 sold (dead weight) | flags: VeRO,title-changed",https://www.ebay.com/itm/67-Meme-Funny-Christmas-Ornament-2025-Gingerbread-Tree-Decor-Stocking-Gift-/406494624379,67 Meme Funny Christmas Ornament 2025 Gingerbread Tree Decor Stocking Gift
406494619549,27.28,7.85,28.8,1,0,0,0,,CLOSE,0 sold (dead weight),https://www.ebay.com/itm/Candle-Warmer-Lamp-Timer-Dimmer-Wax-Melt-Warmer-Home-Office-Decor-Gift-/406494619549,Candle Warmer Lamp Timer Dimmer Wax Melt Warmer for Home Office Decor Gift
406494611670,119.71,21.41,17.9,1,0,0,0,"VeRO,title-changed",CLOSE,"low margin 18%, 0 sold | flags: VeRO,title-changed",https://www.ebay.com/itm/Ultra-Compact-Single-Serve-Coffee-Maker-4in-Wide-Travel-Mug-Friendly-Black-/406494611670,Ultra Compact Single Serve Coffee Maker 4in Wide Travel Mug Friendly Black
406484975933,27.0,12.33,45.7,1,0,0,0,,CLOSE,0 sold (dead weight),https://www.ebay.com/itm/Compact-Nail-Clippers-Foldable-Nail-Cutter-Keychain-Portable-Manicure-Tool-/406484975933,Compact Nail Clippers Foldable Nail Cutter Keychain Portable Manicure Tool
406484975544,23.62,7.89,33.4,2,0,0,0,VeRO,CLOSE,0 sold (dead weight) | flags: VeRO,https://www.ebay.com/itm/Portable-Laptop-Stand-Cooling-Pad-Mini-Magnetic-Tablet-Holder-Notebook-Bracket-/406484975544,Portable Laptop Stand Cooling Pad Mini Magnetic Tablet Holder Notebook Bracket
406484974891,32.75,6.0,18.3,2,0,0,0,,CLOSE,"low margin 18%, 0 sold",https://www.ebay.com/itm/Portable-Aluminum-Laptop-Stand-Foldable-3-1-Tablet-Notebook-Holder-/406484974891,Portable Aluminum Laptop Stand Foldable 3 in 1 Tablet Notebook Holder
406484974211,37.97,7.93,20.9,1,0,0,0,,CLOSE,0 sold (dead weight),https://www.ebay.com/itm/50-Pack-Sisal-Soap-Saver-Bags-Exfoliating-Mesh-Pouches-Drawstring-Bar-Soap-/406484974211,50 Pack Sisal Soap Saver Bags Exfoliating Mesh Pouches Drawstring for Bar Soap
406484945074,19.7,8.4,42.6,1,0,0,0,,CLOSE,0 sold (dead weight),https://www.ebay.com/itm/Brown-Crinkle-Cut-Paper-Shred-Filler-4-5oz-Packing-Cushion-Gift-Boxes-/406484945074,Brown Crinkle Cut Paper Shred Filler 4.5oz Packing Cushion Gift Boxes
406484917709,19.7,10.41,52.8,1,0,0,0,,CLOSE,0 sold (dead weight),https://www.ebay.com/itm/Wooden-Soap-Dish-Set-2-Self-Draining-Bar-Soap-Holders-Shower-Bathroom-/406484917709,Wooden Soap Dish Set of 2 Self Draining Bar Soap Holders for Shower Bathroom
406484917143,17.0,7.11,41.8,1,0,0,0,,CLOSE,0 sold (dead weight),https://www.ebay.com/itm/Bamboo-Soap-Dish-Draining-Bar-Soap-Holder-Tray-Shower-Sink-Black-/406484917143,Bamboo Soap Dish Draining Bar Soap Holder Tray for Shower Sink Black
406484916598,15.69,7.0,44.6,1,0,0,0,,CLOSE,0 sold (dead weight),https://www.ebay.com/itm/Solid-Teak-Wood-Bar-Soap-Holder-Dish-Draining-Soap-Saver-Shower-Sink-/406484916598,Solid Teak Wood Bar Soap Holder Dish Draining Soap Saver for Shower Sink
406484913619,27.0,7.01,26.0,1,0,0,0,"VeRO,title-changed",CLOSE,"0 sold (dead weight) | flags: VeRO,title-changed",https://www.ebay.com/itm/Dog-Paw-Nose-Balm-Stick-Coconut-Oil-Moisturizer-Dry-Cracked-Pads-1-3oz-/406484913619,Dog Paw Nose Balm Stick Coconut Oil Moisturizer for Dry Cracked Pads 1.3oz
406484908973,67.0,16.65,24.9,1,0,0,0,,CLOSE,0 sold (dead weight),https://www.ebay.com/itm/Silent-Groom-Pro-Pet-Nail-Grinder-Low-Noise-Claw-Trimmer-Dogs-Cats-/406484908973,Silent Groom Pro Pet Nail Grinder Low Noise Claw Trimmer for Dogs Cats
406484908369,50.35,12.46,24.7,1,0,0,0,title-changed,CLOSE,0 sold (dead weight) | flags: title-changed,https://www.ebay.com/itm/LED-Drawing-Board-Kids-Light-Up-Acrylic-Dry-Erase-Note-Board-Stand-/406484908369,LED Drawing Board for Kids Light Up Acrylic Dry Erase Note Board with Stand
406484905972,30.4,7.0,23.0,1,0,0,0,"VeRO,title-changed",CLOSE,"0 sold (dead weight) | flags: VeRO,title-changed",https://www.ebay.com/itm/Care-Bears-x-Wicked-2-Pack-Plush-Glinda-Elphaba-Love-Lot-Good-Luck-Box-Set-/406484905972,Care Bears x Wicked 2 Pack Plush Glinda Elphaba Love A Lot Good Luck Box Set
406484904134,59.33,14.09,23.7,1,0,0,0,"VeRO,title-changed",CLOSE,"0 sold (dead weight) | flags: VeRO,title-changed",https://www.ebay.com/itm/Jurassic-W-Interactive-Baby-Dinosaur-Egg-Toy-100-Sounds-Hatch-Train-/406484904134,Jurassic W. Interactive Baby Dinosaur Egg Toy 100+ Sounds Hatch Train
406484879528,37.0,11.1,30.0,1,0,0,0,VeRO,CLOSE,0 sold (dead weight) | flags: VeRO,https://www.ebay.com/itm/Argan-Oil-Hair-Body-Formula-Signature-Amber-Musk-Floral-Scent-Cruelty-Free-/406484879528,Argan Oil Hair & Body Formula Signature Amber Musk Floral Scent Cruelty Free
406484866538,355.09,168.34,47.4,0,1,0,0,VeRO,CLOSE,"no available stock (OOS 1 / on-hold 0), 0 sold — oversell risk | flags: VeRO",https://www.ebay.com/itm/Retinol-Caffeine-Eye-Balm-Stick-10g-Under-Eye-Hydrating-Dark-Circles-/406484866538,Retinol Caffeine Eye Balm Stick 10g Under Eye Hydrating Dark Circles
406484860340,47.0,9.61,20.4,1,0,0,0,title-changed,CLOSE,0 sold (dead weight) | flags: title-changed,https://www.ebay.com/itm/1-Inch-Curling-Iron-Long-Barrel-Titanium-Ceramic-Wand-Fast-Heat-Dual-Voltage-/406484860340,1 Inch Curling Iron Long Barrel Titanium Ceramic Wand Fast Heat Dual Voltage
406484788286,47.0,13.61,29.0,1,0,0,0,"VeRO,title-changed",CLOSE,"0 sold (dead weight) | flags: VeRO,title-changed",https://www.ebay.com/itm/HDMI-Capture-Card-4K-60FPS-1080P-240FPS-USB-3-0-Video-Grabber-Streaming-/406484788286,HDMI Capture Card 4K 60FPS 1080P 240FPS USB 3.0 Video Grabber Streaming
406484787138,32.15,7.0,21.8,1,0,0,0,title-changed,CLOSE,0 sold (dead weight) | flags: title-changed,https://www.ebay.com/itm/Women-s-Bikini-Trimmer-Dual-Head-Waterproof-Cordless-Fast-Charge-Purple-/406484787138,Women’s Bikini Trimmer Dual Head Waterproof Cordless Fast Charge Purple
406484786788,188.98,27.15,14.4,0,1,0,0,,CLOSE,"no available stock (OOS 1 / on-hold 0), 0 sold — oversell risk",https://www.ebay.com/itm/Dual-Monitor-KVM-Switch-HDMI-DisplayPort-2-Computers-8K-4K-144Hz-USB3-/406484786788,Dual Monitor KVM Switch HDMI DisplayPort 2 Computers 8K 4K 144Hz USB3
406484784980,29.39,8.61,29.3,1,0,0,0,,CLOSE,0 sold (dead weight),https://www.ebay.com/itm/Biodegradable-Bamboo-Toothbrush-10-Pack-Compostable-Natural-Wooden-Toothbrush-/406484784980,Biodegradable Bamboo Toothbrush 10 Pack Compostable Natural Wooden Toothbrush
406483580227,33.28,7.0,21.0,1,0,0,0,"VeRO,title-changed",CLOSE,"0 sold (dead weight) | flags: VeRO,title-changed",https://www.ebay.com/itm/Natural-Cold-Process-Bar-Soap-Men-3-Pack-5oz-Wood-Barrel-Birchwood-/406483580227,Natural Cold Process Bar Soap for Men 3 Pack 5oz Wood Barrel Birchwood
406483577401,27.47,7.0,25.5,1,0,0,0,VeRO,CLOSE,0 sold (dead weight) | flags: VeRO,https://www.ebay.com/itm/Mens-Luxury-Triple-Milled-Lime-Soap-Bar-8-8oz-Made-France-Paraben-Free-/406483577401,Mens Luxury Triple Milled Lime Soap Bar 8.8oz Made in France Paraben Free
406477323910,32.25,7.07,21.9,1,0,0,0,VeRO,CLOSE,0 sold (dead weight) | flags: VeRO,https://www.ebay.com/itm/Micromags-Winter-Wonder-Travel-Set-26-Piece-Magnetic-Building-Toy-/406477323910,Micromags Winter Wonder Travel Set 26 Piece Magnetic Building Toy
406477323184,183.77,22.73,12.4,0,1,0,0,title-changed,CLOSE,"no available stock (OOS 1 / on-hold 0), 0 sold — oversell risk | flags: title-changed",https://www.ebay.com/itm/T1-Mini-Translator-Device-No-WiFi-Needed-40-Languages-Global-Data-Blue-/406477323184,T1 Mini Translator Device No WiFi Needed 40 Languages Global Data Blue
406477319135,187.0,28.61,15.3,0,1,0,0,,CLOSE,"no available stock (OOS 1 / on-hold 0), 0 sold — oversell risk",https://www.ebay.com/itm/Language-Translator-Device-Real-Time-Two-Way-150-Languages-No-WiFi-/406477319135,Language Translator Device Real Time Two Way 150 Languages No WiFi
406477316523,234.54,29.02,12.4,0,0,1,0,,CLOSE,"no available stock (OOS 0 / on-hold 1), 0 sold — oversell risk",https://www.ebay.com/itm/T1-Mini-Translator-Device-No-WiFi-Needed-40-Languages-Global-Data-/406477316523,T1 Mini Translator Device No WiFi Needed 40 Languages with Global Data
406477258994,255.38,83.59,32.7,0,2,0,0,title-changed,CLOSE,"no available stock (OOS 2 / on-hold 0), 0 sold — oversell risk | flags: title-changed",https://www.ebay.com/itm/AI-Translation-Earbuds-Real-Time-144-Languages-Wireless-Charging-Case-/406477258994,AI Translation Earbuds Real Time 144 Languages Wireless with Charging Case
406391994832,34.6,11.07,32.0,0,1,0,0,VeRO,CLOSE,"no available stock (OOS 1 / on-hold 0), 0 sold — oversell risk | flags: VeRO",https://www.ebay.com/itm/External-DVD-Drive-USB-3-0-Type-C-Slim-CD-DVD-RW-Burner-Player-Laptop-PC-/406391994832,External DVD Drive USB 3.0 Type-C Slim CD DVD RW Burner Player for Laptop PC
406391992792,29.29,9.56,32.6,0,1,0,0,VeRO,CLOSE,"no available stock (OOS 1 / on-hold 0), 0 sold — oversell risk | flags: VeRO",https://www.ebay.com/itm/Rechargeable-Hand-Warmers-UT5-Nano-Slim-7H-2-Heat-Smart-Temp-Control-Pocket-/406391992792,Rechargeable Hand Warmers UT5 Nano Slim 7H*2 Heat Smart Temp Control Pocket
406391990985,57.0,13.11,23.0,1,0,0,0,VeRO,CLOSE,0 sold (dead weight) | flags: VeRO,https://www.ebay.com/itm/Freesip-Sway-Water-Bottle-30oz-Stainless-Steel-Straw-Leak-Proof-BPA-Free-Black-/406391990985,Freesip Sway Water Bottle 30oz Stainless Steel Straw Leak-Proof BPA-Free Black
406391990402,157.0,33.11,21.1,1,0,0,0,VeRO,CLOSE,0 sold (dead weight) | flags: VeRO,https://www.ebay.com/itm/Arkpro-EDC-Flat-Flashlight-1500LM-Rechargeable-UV-Green-White-LED-USB-C-Orange-/406391990402,Arkpro EDC Flat Flashlight 1500LM Rechargeable UV Green White LED USB-C Orange
406391989337,85.33,27.19,31.9,0,0,1,0,VeRO,CLOSE,"no available stock (OOS 0 / on-hold 1), 0 sold — oversell risk | flags: VeRO",https://www.ebay.com/itm/Christmas-Projector-Lights-Outdoor-w-Remote-Holiday-Show-House-Yard-Party-/406391989337,Christmas Projector Lights Outdoor w/ Remote Holiday Show for House Yard Party
406391988690,47.0,9.61,20.4,0,1,0,0,,CLOSE,"no available stock (OOS 1 / on-hold 0), 0 sold — oversell risk",https://www.ebay.com/itm/Plasma-Ion-Hair-Dryer-1800W-w-Diffuser-Comb-Fast-Drying-Foldable-Travel-/406391988690,Plasma Ion Hair Dryer 1800W w/ Diffuser Comb Fast Drying Foldable Travel
406391987467,18.05,7.0,38.8,0,1,0,0,title-changed,CLOSE,"no available stock (OOS 1 / on-hold 0), 0 sold — oversell risk | flags: title-changed",https://www.ebay.com/itm/Lymphatic-Contour-Face-Brush-Manual-Drainage-Massager-Gentle-Bristles-Sculpting-/406391987467,Lymphatic Contour Face Brush Manual Drainage Massager Gentle Bristles Sculpting
406391986094,246.66,76.18,30.9,0,1,0,0,title-changed,CLOSE,"no available stock (OOS 1 / on-hold 0), 0 sold — oversell risk | flags: title-changed",https://www.ebay.com/itm/Spritz-Shine-Cheirosa-Perfume-Mist-Set-4-Pack-Holiday-Gift-Exclusive-/406391986094,Spritz & Shine Cheirosa Perfume Mist Set 4-Pack Holiday Gift Exclusive
406391984267,37.66,15.68,41.6,1,0,0,0,"duplicate,title-changed",CLOSE,"0 sold (dead weight) | flags: duplicate,title-changed",https://www.ebay.com/itm/10-Chicken-Shredder-Tool-Pro-Meat-Shredder-BPA-Free-Anti-Slip-Kitchen-Black-/406391984267,"10"" Chicken Shredder Tool Pro Meat Shredder BPA-Free Anti-Slip Kitchen Black"
406391984016,58.5,16.23,27.7,1,0,0,0,"VeRO,title-changed",CLOSE,"0 sold (dead weight) | flags: VeRO,title-changed",https://www.ebay.com/itm/Instant-FirmX-Eye-Tightener-Temporary-Under-Eye-Lift-Anti-Aging-Serum-/406391984016,Instant FirmX Eye Tightener Temporary Under Eye Lift Anti-Aging Serum
406391981505,90.63,25.68,28.3,1,0,0,0,title-changed,CLOSE,0 sold (dead weight) | flags: title-changed,https://www.ebay.com/itm/Bamboo-Cutting-Board-Set-3Pcs-Non-Slip-Juice-Groove-Handles-Kitchen-Chopping-/406391981505,Bamboo Cutting Board Set 3Pcs Non-Slip Juice Groove Handles Kitchen Chopping
406391923975,71.46,20.4,28.5,1,0,0,0,title-changed,CLOSE,0 sold (dead weight) | flags: title-changed,https://www.ebay.com/itm/Electric-Air-Duster-300000RPM-Cordless-Blower-Fan-Brushless-Motor-Adjustable-/406391923975,Electric Air Duster 300000RPM Cordless Blower Fan Brushless Motor Adjustable
406391922944,37.0,14.11,38.1,1,0,0,0,,CLOSE,0 sold (dead weight),https://www.ebay.com/itm/Universal-USB-PWM-Fan-Hub-Controller-6-Ports-4-USB-EG-HUB01B-Magnetic-Mount-/406391922944,Universal USB PWM Fan Hub Controller 6 Ports 4 USB EG-HUB01B Magnetic Mount
406391918455,97.0,22.11,22.8,1,0,0,0,title-changed,CLOSE,0 sold (dead weight) | flags: title-changed,https://www.ebay.com/itm/B10-Pro-Max-Electric-Air-Duster-130000RPM-6-Speed-One-Tap-Boost-Rechargeable-/406391918455,B10 Pro Max Electric Air Duster 130000RPM 6-Speed One-Tap Boost Rechargeable
406391915026,127.0,22.61,17.8,1,0,0,3,,KEEP+REPRICE,proven seller (3 sold) — optimize price/title,https://www.ebay.com/itm/Lian-Li-8-8-PC-Display-Universal-ARGB-USB-Screen-Temp-Monitor-US88-V1-Black-/406391915026,"Lian Li 8.8"" PC Display Universal - ARGB USB Screen Temp Monitor US88 V1 Black"
406391909245,27.0,8.61,31.9,1,0,0,0,"VeRO,title-changed",CLOSE,"0 sold (dead weight) | flags: VeRO,title-changed",https://www.ebay.com/itm/Avocado-Saver-and-Tomato-Holder-Set-4-Reusable-Food-Storage-Containers-Fridge-/406391909245,Avocado Saver and Tomato Holder Set 4 Reusable Food Storage Containers Fridge
406391905656,49.45,11.7,23.7,1,0,0,0,title-changed,CLOSE,0 sold (dead weight) | flags: title-changed,https://www.ebay.com/itm/UV-Toothbrush-Sanitizer-Holder-Wall-Mounted-Rechargeable-5-Slot-Black-Bathroom-/406391905656,UV Toothbrush Sanitizer Holder Wall Mounted Rechargeable 5 Slot Black Bathroom
406385731143,213.76,41.34,19.3,1,0,0,0,duplicate,CLOSE,"low margin 19%, 0 sold | flags: duplicate",https://www.ebay.com/itm/45-lb-Millennium-Soy-Wax-Beads-Natural-Candle-Making-Supplies-Paraffin-Free-/406385731143,45 lb Millennium Soy Wax Beads Natural Candle Making Supplies Paraffin Free
406385730847,220.05,41.7,19.0,1,0,0,0,,CLOSE,"low margin 19%, 0 sold",https://www.ebay.com/itm/50-lb-Soy-Wax-Flakes-Candle-Making-Kit-100-Pre-Waxed-Wicks-and-Devices-/406385730847,50 lb Soy Wax Flakes Candle Making Kit with 100 Pre Waxed Wicks and Devices
406385729842,22.75,7.0,30.8,0,0,1,0,title-changed,CLOSE,"no available stock (OOS 0 / on-hold 1), 0 sold — oversell risk | flags: title-changed",https://www.ebay.com/itm/45-lb-Soy-Wax-Candle-Making-Kit-100-Pre-Waxed-Wicks-and-Centering-Devices-/406385729842,45 lb Soy Wax Candle Making Kit with 100 Pre Waxed Wicks and Centering Devices
406385729310,277.0,55.11,19.9,1,0,0,0,,CLOSE,"low margin 20%, 0 sold",https://www.ebay.com/itm/20-lb-Wax-Melter-Candle-Making-Wax-Pot-60-100-Degree-Temp-Setting-Black-/406385729310,20 lb Wax Melter for Candle Making Wax Pot 60 100 Degree Temp Setting Black
406385728165,68.49,17.88,26.1,1,0,0,0,,CLOSE,0 sold (dead weight),https://www.ebay.com/itm/Soy-Wax-Candle-Making-Kit-Wax-Melter-3-lb-Wax-Flakes-Pot-Electric-Stove-/406385728165,Soy Wax Candle Making Kit with Wax Melter 3 lb Wax Flakes Pot Electric Stove
406385726577,19.2,8.98,46.8,0,0,1,0,title-changed,CLOSE,"no available stock (OOS 0 / on-hold 1), 0 sold — oversell risk | flags: title-changed",https://www.ebay.com/itm/Scented-Wax-Melts-4-Pack-Soy-Wax-Cubes-Strong-Scent-Ocean-Vanilla-Cinnamon-/406385726577,Scented Wax Melts 4 Pack Soy Wax Cubes Strong Scent Ocean Vanilla Cinnamon
406385725860,46.74,18.39,39.3,0,0,1,0,title-changed,CLOSE,"no available stock (OOS 0 / on-hold 1), 0 sold — oversell risk | flags: title-changed",https://www.ebay.com/itm/Christmas-Wax-Melts-8-Pack-1-06-oz-Each-Long-Lasting-Strong-Scent-Wax-Cubes-/406385725860,Christmas Wax Melts 8 Pack 1.06 oz Each Long Lasting Strong Scent Wax Cubes
406385725146,37.0,8.15,22.0,1,0,0,0,duplicate,CLOSE,0 sold (dead weight) | flags: duplicate,https://www.ebay.com/itm/5-lb-Midwest-Soy-Wax-Beads-100-Natural-Candle-Making-Supplies-Paraffin-Free-/406385725146,5 lb Midwest Soy Wax Beads 100% Natural Candle Making Supplies Paraffin Free
406385724753,28.98,8.29,28.6,0,0,1,0,,CLOSE,"no available stock (OOS 0 / on-hold 1), 0 sold — oversell risk",https://www.ebay.com/itm/Christmas-Scented-Wax-Melts-Soy-Wax-Melts-Gift-Set-Wax-Cubes-Tarts-Warmer-/406385724753,"Christmas Scented Wax Melts, Soy Wax Melts Gift Set, Wax Cubes/Tarts for Warmer - Christma"
406385724403,37.0,11.15,30.1,1,0,0,0,,CLOSE,0 sold (dead weight),https://www.ebay.com/itm/Winter-Scented-Soy-Wax-Melts-6-oz-Non-Toxic-Set-Winterberry-Evergreen-Chestnut-/406385724403,Winter Scented Soy Wax Melts 6 oz Non Toxic Set Winterberry Evergreen Chestnut
406385723280,44.93,13.96,31.1,1,0,0,0,title-changed,CLOSE,0 sold (dead weight) | flags: title-changed,https://www.ebay.com/itm/Premium-Reed-Diffuser-Set-16-9-oz-2-Pack-Tulip-Shower-Long-Lasting-Home-Scent-/406385723280,Premium Reed Diffuser Set 16.9 oz 2 Pack La Tulip Shower Long Lasting Home Scent
406385721746,20.4,7.0,34.3,1,0,0,0,duplicate,CLOSE,0 sold (dead weight) | flags: duplicate,https://www.ebay.com/itm/4-Pack-Scented-Candles-Gift-Set-10-oz-Soy-Wax-100-Hour-Aromatherapy-Women-/406385721746,4 Pack Scented Candles Gift Set 10 oz Soy Wax 100 Hour Aromatherapy for Women
406385716263,33.65,8.26,24.5,1,0,0,0,title-changed,CLOSE,0 sold (dead weight) | flags: title-changed,https://www.ebay.com/itm/Candle-Wick-Trimmer-and-Snuffer-Accessory-Set-Pick-Your-Color-Candle-Care-Kit-/406385716263,Candle Wick Trimmer and Snuffer Accessory Set Pick Your Color Candle Care Kit
406385715983,25.98,7.78,29.9,1,0,0,0,,CLOSE,0 sold (dead weight),https://www.ebay.com/itm/3-1-Candle-Care-Kit-Wick-Trimmer-Snuffer-Dipper-Accessory-Set-Gold-/406385715983,3 in 1 Candle Care Kit Wick Trimmer Snuffer Dipper Accessory Set Gold
406385714871,29.68,8.89,30.0,0,0,1,0,title-changed,CLOSE,"no available stock (OOS 0 / on-hold 1), 0 sold — oversell risk | flags: title-changed",https://www.ebay.com/itm/5-1-Candle-Accessory-Set-Wick-Trimmer-Snuffer-Dipper-Lighter-Tweezers-Black-/406385714871,5 in 1 Candle Accessory Set Wick Trimmer Snuffer Dipper Lighter Tweezers Black
406385714485,27.0,9.61,35.6,1,0,0,0,,CLOSE,0 sold (dead weight),https://www.ebay.com/itm/3-1-Candle-Accessory-Set-Wick-Trimmer-Snuffer-Dipper-Black-Gift-Package-/406385714485,3 in 1 Candle Accessory Set Wick Trimmer Snuffer Dipper Black Gift Package
406385709874,167.15,26.73,16.0,1,0,0,0,duplicate,CLOSE,"low margin 16%, 0 sold | flags: duplicate",https://www.ebay.com/itm/Oud-Nobile-250-ml-Diffuser-White-Stick-Pack-Luxury-Home-Fragrance-Italy-/406385709874,Oud Nobile 250 ml Diffuser with White Stick Pack Luxury Home Fragrance Italy
406385683902,18.75,7.0,37.3,1,0,0,0,,CLOSE,0 sold (dead weight),https://www.ebay.com/itm/2-Pcs-Tealight-Candle-Holder-Glass-Votive-Green-Table-Centerpiece-Wedding-Decor-/406385683902,2 Pcs Tealight Candle Holder Glass Votive Green Table Centerpiece Wedding Decor
406385683799,47.0,10.61,22.6,1,0,0,0,,CLOSE,0 sold (dead weight),https://www.ebay.com/itm/Candle-Making-Kit-Hot-Plate-Beginners-Set-Melting-Pot-Spoon-Anti-Scald-Pad-/406385683799,Candle Making Kit with Hot Plate Beginners Set Melting Pot Spoon Anti Scald Pad
406385682683,38.83,19.67,50.7,1,0,0,0,"VeRO,title-changed",CLOSE,"0 sold (dead weight) | flags: VeRO,title-changed",https://www.ebay.com/itm/Electric-Candle-Lighter-USB-Rechargeable-Windproof-Arc-Long-Lighter-Gift-Idea-/406385682683,Electric Candle Lighter USB Rechargeable Windproof Arc Long Lighter Gift Idea
406382172143,137.98,20.47,14.8,1,0,0,6,,KEEP+REPRICE,proven seller (6 sold) — optimize price/title,https://www.ebay.com/itm/Deck-Jet-J-Style-Pool-Fountain-Jet-Replacement-Fitting-Inground-Pools-/406382172143,Deck Jet J Style Pool Fountain Jet Replacement Fitting for Inground Pools
406382171272,20.37,7.18,35.2,1,0,0,0,,CLOSE,0 sold (dead weight),https://www.ebay.com/itm/STDM-0269E-3D-Sticker-Pool-Party-3-Pack-Scrapbooking-Craft-Stickers-/406382171272,STDM 0269E 3D Sticker Pool Party 3 Pack Scrapbooking Craft Stickers
406382169825,27.98,8.44,30.2,1,0,0,0,VeRO,CLOSE,0 sold (dead weight) | flags: VeRO,https://www.ebay.com/itm/Hardwood-Pool-Table-Triangle-Rack-Holds-Standard-2-1-4-Inch-Balls-Billiards-/406382169825,Hardwood Pool Table Triangle Rack Holds Standard 2 1 4 Inch Balls Billiards
406382169074,69.98,10.23,14.6,1,0,0,1,,KEEP+REPRICE,proven seller (1 sold) — optimize price/title,https://www.ebay.com/itm/Hydrotools-8750-Line-Automatic-Chlorine-Feeder-9-lb-Capacity-Pool-Chlorinator-/406382169074,Hydrotools 8750 In Line Automatic Chlorine Feeder 9 lb Capacity Pool Chlorinator
406382168485,34.98,7.38,21.1,1,0,0,0,"VeRO,title-changed",CLOSE,"0 sold (dead weight) | flags: VeRO,title-changed",https://www.ebay.com/itm/Sun-Pool-Products-WCS-1-Winter-Cover-Saver-Protects-Above-Ground-Pool-Covers-/406382168485,Sun Pool Products WCS 1 Winter Cover Saver Protects Above Ground Pool Covers
406382168011,29.98,7.17,23.9,1,0,0,0,"VeRO,title-changed",CLOSE,"0 sold (dead weight) | flags: VeRO,title-changed",https://www.ebay.com/itm/Intex-Sit-N-Float-Pool-Float-8859EP-Inflatable-Lounge-Cup-Holders-220-lb-Multi-/406382168011,Intex Sit N Float Pool Float 8859EP Inflatable Lounge Cup Holders 220 lb Multi
406382160909,31.98,7.84,24.5,1,0,0,0,VeRO,CLOSE,0 sold (dead weight) | flags: VeRO,https://www.ebay.com/itm/Hydrotools-Submersible-Pool-Cover-Siphon-Pump-Automatic-Water-Removal-5436-/406382160909,Hydrotools Submersible Pool Cover Siphon Pump Automatic Water Removal 5436
406382159803,115.98,15.24,13.1,1,0,0,0,,CLOSE,"low margin 13%, 0 sold",https://www.ebay.com/itm/C-8409-Pool-Filter-Cartridge-90-Sq-Ft-Replacement-Hayward-Sta-Rite-Waterway-/406382159803,C 8409 Pool Filter Cartridge 90 Sq Ft Replacement for Hayward Sta Rite Waterway
406382159401,69.98,12.14,17.3,1,0,0,0,,CLOSE,"low margin 17%, 0 sold",https://www.ebay.com/itm/4-Ft-x-8-Ft-Pool-Pillow-2-Pack-Heavy-Duty-Winterizing-Above-Ground-Vinyl-0-22mm-/406382159401,4 Ft x 8 Ft Pool Pillow 2 Pack Heavy Duty Winterizing Above Ground Vinyl 0.22mm
406382158436,44.98,12.9,28.7,1,0,0,0,"VeRO,title-changed",CLOSE,"0 sold (dead weight) | flags: VeRO,title-changed",https://www.ebay.com/itm/Aqua-4-in-1-Monterey-Hammock-Pool-Float-Adults-Kids-Multi-Color-1-4-Pack-/406382158436,Aqua 4-in-1 Monterey Hammock Pool Float – Adults & Kids Multi-Color 1-4 Pack
406247032689,251.98,80.7,32.0,0,1,0,0,,CLOSE,"no available stock (OOS 1 / on-hold 0), 0 sold — oversell risk",https://www.ebay.com/itm/KOTOPIA-Dog-Grooming-Tote-Bag-Compact-Organizer-2-in-1-Hair-Remover-Brush-/406247032689,KOTOPIA Dog Grooming Tote Bag – Compact Organizer with 2-in-1 Hair Remover Brush – Ideal f
406247029220,264.98,91.75,34.6,0,1,0,0,VeRO,CLOSE,"no available stock (OOS 1 / on-hold 0), 0 sold — oversell risk | flags: VeRO",https://www.ebay.com/itm/Pet-Grooming-Vacuum-Attachment-Dyson-V6-V7-V8-V10-V11-V12-V15-DC07-DC65-UP13-/406247029220,Pet Grooming Vacuum Attachment for Dyson V6 V7 V8 V10 V11 V12 V15 DC07 DC65 UP13 UP30 – Do
406247024397,15.98,7.24,45.3,1,0,0,0,,CLOSE,0 sold (dead weight),https://www.ebay.com/itm/3-in-1-Cat-Steam-Brush-Rechargeable-Grooming-Tool-Mist-Spray-Self-Cleani-/406247024397,"3-in-1 Cat Steam Brush – Rechargeable Grooming Tool with Mist Spray, Self-Cleaning, and Sh"
406247023239,11.98,7.72,64.4,0,0,1,0,title-changed,CLOSE,"no available stock (OOS 0 / on-hold 1), 0 sold — oversell risk | flags: title-changed",https://www.ebay.com/itm/Portable-Pet-Hair-Remover-Efficient-Fur-Removal-Tool-Dogs-Cats-Reusabl-/406247023239,Portable Pet Hair Remover – Efficient Fur Removal Tool for Dogs & Cats – Reusable Grooming
406247021361,249.98,79.0,31.6,0,1,0,0,title-changed,CLOSE,"no available stock (OOS 1 / on-hold 0), 0 sold — oversell risk | flags: title-changed",https://www.ebay.com/itm/Multifunctional-Pet-Hair-Removal-Brush-Reusable-Washable-Ideal-Furnitu-/406247021361,"Multifunctional Pet Hair Removal Brush – Reusable & Washable – Ideal for Furniture, Carpet"
406247019968,285.98,109.6,38.3,0,1,0,4,VeRO,KEEP/RESTOCK,"winner but no available stock — fix stock, don't oversell",https://www.ebay.com/itm/2-Pack-Adjustable-Pet-Grooming-Loops-Nylon-Restraint-Noose-Dogs-Cats-H-/406247019968,2 Pack Adjustable Pet Grooming Loops – Nylon Restraint Noose for Dogs & Cats – Hands-Free 
406247016914,19.98,8.65,43.3,1,0,0,0,title-changed,CLOSE,0 sold (dead weight) | flags: title-changed,https://www.ebay.com/itm/MEDUWEDU-Pet-Cotton-Swabs-55-Count-Gourd-Shaped-Tips-Soft-Cotton-Paper-/406247016914,“MEDUWEDU Pet Cotton Swabs – 55 Count | Gourd-Shaped Tips | Soft Cotton & Paper Stick | Sa
406247011880,315.98,135.1,42.8,0,1,0,0,title-changed,CLOSE,"no available stock (OOS 1 / on-hold 0), 0 sold — oversell risk | flags: title-changed",https://www.ebay.com/itm/Pet-Hair-Removal-Brush-Deshedding-Tool-Dogs-Cats-Effective-Grooming-C-/406247011880,“Pet Hair Removal Brush – Deshedding Tool for Dogs & Cats – Effective Grooming Comb for Sh
406247008358,25.98,11.19,43.1,1,0,0,0,"VeRO,title-changed",CLOSE,"0 sold (dead weight) | flags: VeRO,title-changed",https://www.ebay.com/itm/Stainless-Steel-Pet-Nail-Clippers-Ergonomic-Grooming-Scissors-Dogs-Cats-/406247008358,“Stainless Steel Pet Nail Clippers – Ergonomic Grooming Scissors for Dogs & Cats”
406247005444,22.98,7.19,31.3,1,0,0,0,,CLOSE,0 sold (dead weight),https://www.ebay.com/itm/ZOOPOLR-Silicone-Pet-Grooming-Bath-Mat-Non-Slip-Dog-Cat-Wash-Pad-Soft-Du-/406247005444,"“ZOOPOLR Silicone Pet Grooming Bath Mat – Non-Slip Dog & Cat Wash Pad, Soft & Durable”"
406244548142,19.98,7.08,35.4,1,0,0,0,VeRO,CLOSE,0 sold (dead weight) | flags: VeRO,https://www.ebay.com/itm/MAIYOUWENG-9-in-1-Dog-Grooming-Kit-Hammock-Harness-Nail-Clippers-File-/406244548142,"MAIYOUWENG 9-in-1 Dog Grooming Kit – Hammock, Harness, Nail Clippers & File for Cats & Dog"
406244543573,19.98,7.14,35.7,1,0,0,0,title-changed,CLOSE,0 sold (dead weight) | flags: title-changed,https://www.ebay.com/itm/MAIYOUWENG-9-in-1-Dog-Grooming-Kit-Hammock-Harness-Nail-Clipper-File-Pet-/406244543573,"MAIYOUWENG 9-in-1 Dog Grooming Kit – Hammock, Harness, Nail Clipper & File – Pet Grooming "
406244538986,274.98,100.25,36.5,0,1,0,0,,CLOSE,"no available stock (OOS 1 / on-hold 0), 0 sold — oversell risk",https://www.ebay.com/itm/MAIYOUWENG-Pet-Grooming-Hammock-Set-Adjustable-Harness-Grooming-Aid-Dog-/406244538986,“MAIYOUWENG Pet Grooming Hammock Set + Adjustable Harness – Grooming Aid for Dogs & Cats”
406244530208,32.98,12.69,38.5,0,0,1,0,title-changed,CLOSE,"no available stock (OOS 0 / on-hold 1), 0 sold — oversell risk | flags: title-changed",https://www.ebay.com/itm/Jestrem-Breathable-Pet-Grooming-Vest-Soft-Trimming-Jacket-Dogs-Cats-/406244530208,“Jestrem Breathable Pet Grooming Vest – Soft Trimming Jacket for Dogs & Cats”
406244528450,18.98,8.79,46.3,1,0,0,0,,CLOSE,0 sold (dead weight),https://www.ebay.com/itm/Ponpon-Adjustable-Pet-Toothbrush-Body-Scrubber-Gentle-Bath-Grooming-Tool-/406244528450,“Ponpon Adjustable Pet Toothbrush & Body Scrubber – Gentle Bath & Grooming Tool”
406244523093,26.98,10.59,39.3,1,0,0,0,title-changed,CLOSE,0 sold (dead weight) | flags: title-changed,https://www.ebay.com/itm/NVNAN-Premium-Pet-Grooming-Gloves-Silicone-Deshedding-Massage-Glove-Cats-/406244523093,“NVNAN Premium Pet Grooming Gloves – Silicone Deshedding Massage Glove for Cats & Dogs”
406244520493,309.98,130.0,41.9,0,1,0,0,,CLOSE,"no available stock (OOS 1 / on-hold 0), 0 sold — oversell risk",https://www.ebay.com/itm/Upgraded-8-in-1-Cordless-Pet-Grooming-Kit-Precision-Trimmers-Accessories-fo-/406244520493,“Upgraded 8-in-1 Cordless Pet Grooming Kit – Precision Trimmers & Accessories for Dogs & C
406244509889,260.98,88.35,33.9,0,1,0,0,,CLOSE,"no available stock (OOS 1 / on-hold 0), 0 sold — oversell risk",https://www.ebay.com/itm/Cordless-Pet-Grooming-Clippers-Rechargeable-Electric-Dog-Cat-Trimmer-Kit-/406244509889,“Cordless Pet Grooming Clippers – Rechargeable Electric Dog & Cat Trimmer Kit”
406244500042,19.98,8.64,43.2,1,0,0,0,duplicate,CLOSE,0 sold (dead weight) | flags: duplicate,https://www.ebay.com/itm/5-in-1-Professional-Pet-Grooming-Scissors-Set-Stainless-Steel-Safety-Rou-/406244500042,“5-in-1 Professional Pet Grooming Scissors Set – Stainless Steel with Safety Round Tips”
406244492463,19.98,7.65,38.3,1,0,0,0,title-changed,CLOSE,0 sold (dead weight) | flags: title-changed,https://www.ebay.com/itm/Dipoo-Self-Cleaning-Pet-Shedding-Brush-Grooming-Tool-Retractable-Bristl-/406244492463, “Dipoo Self-Cleaning Pet Shedding Brush – Grooming Tool with Retractable Bristles”
406216523106,23.98,8.04,33.5,1,0,0,0,,CLOSE,0 sold (dead weight),https://www.ebay.com/itm/2-Pack-Stretchable-Kayak-Paddle-Leash-Carabiner-5-8-ft-/406216523106,2-Pack Stretchable Kayak Paddle Leash with Carabiner (5-8 ft)
406216518450,19.98,10.94,54.8,1,0,0,0,"VeRO,title-changed",CLOSE,"0 sold (dead weight) | flags: VeRO,title-changed",https://www.ebay.com/itm/Stretchable-Leash-Kayak-Paddles-Fishing-Rods-3-7-ft-/406216518450,Stretchable Leash for Kayak Paddles & Fishing Rods (3-7 ft)
406213640038,20.98,7.49,35.7,1,0,0,0,VeRO,CLOSE,0 sold (dead weight) | flags: VeRO,https://www.ebay.com/itm/Swimming-Headband-Keeps-Water-Out-Holds-Earplugs-Securely-/406213640038,Swimming Headband Keeps Water Out & Holds Earplugs In Securely
406213639535,99.98,24.65,24.7,1,0,0,0,title-changed,CLOSE,0 sold (dead weight) | flags: title-changed,https://www.ebay.com/itm/Heavy-Duty-Paddle-Board-Kayak-Bag-Waterproof-Backpack-Standard-Wheeled-/406213639535,Heavy Duty Paddle Board & Kayak Bag | Waterproof Backpack - Standard or Wheeled
406213638919,53.98,12.54,23.2,1,0,0,0,,CLOSE,0 sold (dead weight),https://www.ebay.com/itm/Large-Paddle-Board-Cooler-Bag-42-Can-26L-Waterproof-SUP-Deck-Bag-Kayak-/406213638919,Large Paddle Board Cooler Bag (42-Can) | 26L Waterproof SUP Deck Bag for Kayak
406213636317,44.98,12.89,28.7,1,0,0,0,title-changed,CLOSE,0 sold (dead weight) | flags: title-changed,https://www.ebay.com/itm/Waterproof-Dry-Bag-Backpack-Sack-FREE-Phone-Case-Kayaking-Boating-/406213636317,Waterproof Dry Bag Backpack Sack with FREE Phone Case for Kayaking & Boating
406213635693,42.98,8.19,19.1,1,0,0,0,title-changed,CLOSE,"low margin 19%, 0 sold | flags: title-changed",https://www.ebay.com/itm/Paddle-Board-Cooler-Bag-SUP-Deck-Waterproof-Insulated-Holds-10-Cans-/406213635693,Paddle Board Cooler Bag for SUP Deck | Waterproof & Insulated - Holds 10 Cans
406213635316,27.98,14.44,51.6,1,0,0,0,"VeRO,title-changed",CLOSE,"0 sold (dead weight) | flags: VeRO,title-changed",https://www.ebay.com/itm/4-Pack-Universal-Waterproof-Phone-Pouch-/406213635316,4-Pack Universal Waterproof Phone Pouch 
406213634968,29.98,10.18,34.0,1,0,0,0,,CLOSE,0 sold (dead weight),https://www.ebay.com/itm/Floating-Waterproof-Fanny-Pack-Pouch-Keep-Phone-Passport-Dry-Beach-Boating-/406213634968,Floating Waterproof Fanny Pack Pouch Keep Phone & Passport Dry for Beach/Boating
406213634152,27.98,11.44,40.9,1,0,0,0,,CLOSE,0 sold (dead weight),https://www.ebay.com/itm/Waterproof-Dry-Bag-Backpack-5L-40L-FREE-Phone-Case-Kayaking-Boating-/406213634152,Waterproof Dry Bag Backpack (5L-40L) with FREE Phone Case for Kayaking & Boating
406213633782,35.98,14.32,39.8,1,0,0,0,,CLOSE,0 sold (dead weight),https://www.ebay.com/itm/Waterproof-Swimming-Ear-Plugs-Prevents-Swimmers-Ear-Ultra-Comfy-Seal-/406213633782,Waterproof Swimming Ear Plugs | Prevents Swimmer's Ear with an Ultra Comfy Seal
406213619740,31.98,14.85,46.4,1,0,0,0,,CLOSE,0 sold (dead weight),https://www.ebay.com/itm/6-Set-Swimming-Earplugs-Nose-Clips-Waterproof-Reusable-Silicone-Adults-/406213619740,6-Set Swimming Earplugs & Nose Clips | Waterproof Reusable Silicone for Adults
406213619357,43.98,19.06,43.3,1,0,0,0,VeRO,CLOSE,0 sold (dead weight) | flags: VeRO,https://www.ebay.com/itm/Kids-Swimming-Headband-Earplugs-Set-Adjustable-Band-Holds-Ear-Plugs-/406213619357,Kids Swimming Headband & Earplugs Set | Adjustable Band Holds Ear Plugs In
406213617625,33.98,15.54,45.7,1,0,0,0,VeRO,CLOSE,0 sold (dead weight) | flags: VeRO,https://www.ebay.com/itm/Swimming-Headband-Kids-Holds-Earplugs-Protects-Swimmers-Ear-/406213617625,Swimming Headband for Kids | Holds Earplugs In & Protects from Swimmer's Ear
406213615763,24.98,10.89,43.6,1,0,0,0,title-changed,CLOSE,0 sold (dead weight) | flags: title-changed,https://www.ebay.com/itm/15-Pack-Swimming-Nose-Clip-Ear-Plugs-Set-Waterproof-Silicone-Adults-Kids-/406213615763,15-Pack Swimming Nose Clip & Ear Plugs Set | Waterproof Silicone for Adults/Kids
406213615154,27.98,7.46,26.7,1,1,0,0,,CLOSE,0 sold (dead weight),https://www.ebay.com/itm/9-Pack-Swimming-Nose-Clip-Ear-Plugs-Set-Waterproof-Silicone-Kids-Adults-/406213615154,9-Pack Swimming Nose Clip & Ear Plugs Set. Waterproof Silicone for Kids & Adults
406206083555,77.98,14.93,19.1,1,0,0,0,title-changed,CLOSE,"low margin 19%, 0 sold | flags: title-changed",https://www.ebay.com/itm/a-/406206083555,a
406206082960,48.98,12.69,25.9,0,1,0,0,,CLOSE,"no available stock (OOS 1 / on-hold 0), 0 sold — oversell risk",https://www.ebay.com/itm/290pc-Heavy-Duty-Picture-Hanger-Kit-Wall-Hanging-Hooks-Wire-Nails-Tools-/406206082960,"290pc Heavy Duty Picture Hanger Kit - Wall Hanging Hooks, Wire, Nails & Tools"
406206079133,20.98,7.49,35.7,1,0,0,0,,CLOSE,0 sold (dead weight),https://www.ebay.com/itm/15pc-40Lb-Drywall-Picture-Hanger-Claw-Hooks-Heavy-Duty-No-Damage-Wall-Art-Kit-/406206079133,15pc 40Lb Drywall Picture Hanger Claw Hooks Heavy Duty No Damage Wall Art Kit
406206076507,58.98,14.83,25.1,1,0,0,0,title-changed,CLOSE,0 sold (dead weight) | flags: title-changed,https://www.ebay.com/itm/Toddler-Swim-Vest-Arm-Bands-Floaties-Kids-20-50-Lbs-Learn-to-Swim-Aid-/406206076507,Toddler Swim Vest Arm Bands Floaties for Kids 20-50 Lbs Learn-to-Swim Aid
406206074156,284.98,42.88,15.0,1,0,0,0,VeRO,CLOSE,"low margin 15%, 0 sold | flags: VeRO",https://www.ebay.com/itm/Smart-Swim-2-Goggles-Augmented-Reality-AR-Display-GPS-Lap-Counter-Pool-/406206074156,Smart Swim 2 Goggles Augmented Reality AR Display GPS Lap Counter for Pool
406206052077,50.98,13.0,25.5,1,0,0,0,title-changed,CLOSE,0 sold (dead weight) | flags: title-changed,https://www.ebay.com/itm/12-Ft-Kids-Rainbow-Play-Parachute-Group-Game-School-Outdoor-Parties-Fun-/406206052077,"12 Ft Kids Rainbow Play Parachute Group Game for School, Outdoor Parties & Fun"
406195374485,40.98,12.49,30.5,1,0,0,0,,CLOSE,0 sold (dead weight),https://www.ebay.com/itm/3-Tier-Stacking-Planter-Tower-Herbs-Flowers-Terracotta-Colored-/406195374485,3-Tier Stacking Planter Tower for Herbs & Flowers (Terracotta Colored)
406195373637,22.98,9.19,40.0,1,0,0,0,title-changed,CLOSE,0 sold (dead weight) | flags: title-changed,https://www.ebay.com/itm/6-Pack-Stackable-Indoor-Plant-Trellises-Climbing-Houseplants-/406195373637,6-Pack of Stackable Indoor Plant Trellises for Climbing Houseplants
406195373200,24.98,11.89,47.6,1,0,0,0,VeRO,CLOSE,0 sold (dead weight) | flags: VeRO,https://www.ebay.com/itm/100ft-Stainless-Steel-Picture-Hanging-Wire-Kit-Supports-110-lbs-/406195373200,100ft Stainless Steel Picture Hanging Wire Kit (Supports 110 lbs)
406195372725,17.98,7.59,42.2,1,0,0,0,VeRO,CLOSE,0 sold (dead weight) | flags: VeRO,https://www.ebay.com/itm/220-Piece-Brass-Picture-Hanging-Hardware-Assortment-Kit-/406195372725,220-Piece Brass Picture Hanging Hardware Assortment Kit
406195372295,24.98,12.89,51.6,1,0,0,0,,CLOSE,0 sold (dead weight),https://www.ebay.com/itm/303-Piece-Picture-Hanging-Kit-Heavy-Duty-Hooks-Wire-Level-/406195372295,"303-Piece Picture Hanging Kit with Heavy Duty Hooks, Wire & Level"
406195368336,99.98,24.64,24.6,1,0,0,0,title-changed,CLOSE,0 sold (dead weight) | flags: title-changed,https://www.ebay.com/itm/Gallery-Picture-Rail-Hanging-System-4-Rails-4-Hooks-/406195368336,Gallery Picture Rail Hanging System with 4 Rails & 4 Hooks
406195367726,41.79,12.18,29.1,1,0,0,0,,CLOSE,0 sold (dead weight),https://www.ebay.com/itm/315-Piece-Picture-Hanging-Kit-Pink-Hammer-Level-Hardware-/406195367726,"315-Piece Picture Hanging Kit with Pink Hammer, Level & Hardware"
406195366443,58.98,12.79,21.7,1,0,0,0,VeRO,CLOSE,0 sold (dead weight) | flags: VeRO,https://www.ebay.com/itm/All-in-One-Picture-Hanging-Leveling-Tool-Kit-85-Piece-Hardware-Set-/406195366443,All-in-One Picture Hanging & Leveling Tool Kit with 85-Piece Hardware Set
406195344853,99.98,24.64,24.6,1,0,0,0,"VeRO,title-changed",CLOSE,"0 sold (dead weight) | flags: VeRO,title-changed",https://www.ebay.com/itm/Portable-Adjustable-Sun-Shade-Umbrella-Instant-Protection-Red-/406195344853,Portable & Adjustable Sun Shade Umbrella for Instant Protection (Red)
406195344182,54.98,12.95,23.6,1,0,0,0,"VeRO,title-changed",CLOSE,"0 sold (dead weight) | flags: VeRO,title-changed",https://www.ebay.com/itm/Ripstop-Dog-Life-Vest-Lift-Handle-Swimming-Medium-Pool-Blue-/406195344182,"Ripstop Dog Life Vest with Lift Handle for Swimming (Medium, Pool Blue)"
406195341883,24.98,7.89,31.6,1,0,0,0,,CLOSE,0 sold (dead weight),https://www.ebay.com/itm/Hurricane-Oil-Lamp-Resin-Mold-Set-3-LED-Lights-DIY-Lanterns-/406195341883,Hurricane Oil Lamp Resin Mold Set with 3 LED Lights for DIY Lanterns
406195340244,74.98,19.39,25.9,0,0,1,0,,CLOSE,"no available stock (OOS 0 / on-hold 1), 0 sold — oversell risk",https://www.ebay.com/itm/Designs2Go-Folding-Tray-Table-Black-/406195340244,Designs2Go Folding Tray Table (Black)
406195339713,57.98,15.94,27.5,1,0,0,0,,CLOSE,0 sold (dead weight),https://www.ebay.com/itm/C-Shaped-End-Table-Charging-Station-Storage-Bag-Rustic-Brown-/406195339713,C-Shaped End Table with Charging Station & Storage Bag (Rustic Brown)
406195339350,23.98,8.34,34.8,1,0,0,0,title-changed,CLOSE,0 sold (dead weight) | flags: title-changed,https://www.ebay.com/itm/1-2-Gallon-1-8L-Watering-Can-Long-Spout-Indoor-Outdoor-Plants-/406195339350,1/2 Gallon (1.8L) Watering Can with Long Spout for Indoor & Outdoor Plants
406195338982,22.98,11.19,48.7,1,0,0,0,,CLOSE,0 sold (dead weight),https://www.ebay.com/itm/Tiny-Watering-Can-Seedlings-Succulents-0-45L-Brown-/406195338982,"Tiny Watering Can for Seedlings & Succulents (0.45L, Brown)"
406195337537,23.98,9.54,39.8,1,0,0,0,,CLOSE,0 sold (dead weight),https://www.ebay.com/itm/Gray-Elephant-Novelty-Indoor-Watering-Can-0-5-Gallon-2-Quart-/406195337537,Gray Elephant Novelty Indoor Watering Can (0.5 Gallon / 2 Quart)
406195296157,16.98,7.33,43.2,1,4,0,0,title-changed,CLOSE,0 sold (dead weight) | flags: title-changed,https://www.ebay.com/itm/Salon-Quality-DIY-Gel-Nails-28pcs-Semi-Cured-Gel-Nail-Strips-UV-Required-/406195296157,Salon-Quality DIY Gel Nails | 28pcs Semi-Cured Gel Nail Strips (UV Required)
406177211376,32.98,7.74,23.5,1,0,0,0,,CLOSE,0 sold (dead weight),https://www.ebay.com/itm/Expandable-Clear-Acrylic-Bathtub-Tray-Wine-Book-Holder-/406177211376,Expandable Clear Acrylic Bathtub Tray with Wine & Book Holder
406177209316,49.98,7.15,14.3,0,1,0,0,,CLOSE,"no available stock (OOS 1 / on-hold 0), 0 sold — oversell risk",https://www.ebay.com/itm/3-in-1-Adjustable-Clip-On-Hot-Tub-Pool-Tray-Table-Gray-/406177209316,3-in-1 Adjustable Clip-On Hot Tub & Pool Tray Table (Gray)
406177207922,40.98,8.49,20.7,1,0,0,0,title-changed,CLOSE,0 sold (dead weight) | flags: title-changed,https://www.ebay.com/itm/Freestanding-Bamboo-Bathtub-Tray-Table-Adjustable-Height-/406177207922,Freestanding Bamboo Bathtub Tray Table with Adjustable Height
406177204134,34.98,7.39,21.1,1,0,0,0,,CLOSE,0 sold (dead weight),https://www.ebay.com/itm/Premium-Expandable-Bathtub-Tray-Caddy-Perfect-Gift-Women-Couples-/406177204134,Premium Expandable Bathtub Tray Caddy - Perfect Gift for Women & Couples
406177198741,29.98,7.14,23.8,1,0,0,0,title-changed,CLOSE,0 sold (dead weight) | flags: title-changed,https://www.ebay.com/itm/10-Pack-4-Inch-Clear-Nursery-Pots-Humidity-Domes-/406177198741,10-Pack of 4-Inch Clear Nursery Pots with Humidity Domes
406177197119,66.98,16.59,24.8,1,0,0,0,title-changed,CLOSE,0 sold (dead weight) | flags: title-changed,https://www.ebay.com/itm/5-Tier-Vertical-Stackable-Garden-Planter-Strawberries-Herbs-Ivory-/406177197119,5-Tier Vertical Stackable Garden Planter for Strawberries & Herbs (Ivory)
406177195012,149.98,27.14,18.1,2,0,0,0,title-changed,CLOSE,"low margin 18%, 0 sold | flags: title-changed",https://www.ebay.com/itm/Elevated-Garden-Planter-Box-Drainage-Plug-Vegetables-Flowers-/406177195012,Elevated Garden Planter Box with Drainage Plug for Vegetables & Flowers
406177179821,127.98,18.44,14.4,1,0,0,0,,CLOSE,"low margin 14%, 0 sold",https://www.ebay.com/itm/Elevated-Planter-Garden-Box-Drainage-Plug-Herbs-Flowers-/406177179821,Elevated Planter Garden Box with Drainage Plug for Herbs & Flowers
406177164806,29.98,7.64,25.5,1,0,0,0,VeRO,CLOSE,0 sold (dead weight) | flags: VeRO,https://www.ebay.com/itm/Indoor-Flying-Insect-Fan-Trap-UV-Light-Starter-Kit-/406177164806,Indoor Flying Insect Fan Trap with UV Light - Starter Kit
406177128103,37.98,14.94,39.3,1,0,0,0,,CLOSE,0 sold (dead weight),https://www.ebay.com/itm/41-Inch-Large-Inflatable-Card-Table-Pool-Waterproof-Playing-Cards-/406177128103,41-Inch Large Inflatable Card Table for Pool with Waterproof Playing Cards
406177106462,202.98,39.05,19.2,0,1,0,0,title-changed,CLOSE,"no available stock (OOS 1 / on-hold 0), 0 sold — oversell risk | flags: title-changed",https://www.ebay.com/itm/56-Inch-Oversize-Floating-Card-Table-Waterproof-Cards-Cup-Holders-/406177106462,56-Inch Oversize Floating Card Table with Waterproof Cards & Cup Holders
406177096978,23.98,7.08,29.5,1,0,0,0,title-changed,CLOSE,0 sold (dead weight) | flags: title-changed,https://www.ebay.com/itm/Large-Inflatable-Floating-Poker-Table-Waterproof-Cards-Adults-/406177096978,Large Inflatable Floating Poker Table with Waterproof Cards for Adults
406177095005,41.98,10.34,24.6,1,0,0,0,"VeRO,title-changed",CLOSE,"0 sold (dead weight) | flags: VeRO,title-changed",https://www.ebay.com/itm/Outdoor-Flying-Disc-Bottle-Drop-Game-Set-Beach-Backyard-/406177095005,Outdoor Flying Disc Bottle Drop Game Set for Beach & Backyard
406174709554,59.98,14.66,24.4,1,0,0,0,"VeRO,title-changed",CLOSE,"0 sold (dead weight) | flags: VeRO,title-changed",https://www.ebay.com/itm/Pool-Wave-Inflatable-Dart-Board-Game-Fun-Water-Toy-Kids-Adults-/406174709554,Pool Wave Inflatable Dart Board Game - Fun Water Toy for Kids & Adults
406174709221,42.98,12.21,28.4,1,0,0,0,title-changed,CLOSE,0 sold (dead weight) | flags: title-changed,https://www.ebay.com/itm/Floating-Pool-Table-Cup-Holders-Waterproof-Cards-Adults-/406174709221,Floating Pool Table with Cup Holders & Waterproof Cards for Adults
406174707771,35.98,10.24,28.5,1,0,0,0,title-changed,CLOSE,0 sold (dead weight) | flags: title-changed,https://www.ebay.com/itm/Floating-4-in-a-Row-Pool-Game-Set-Mesh-Storage-Bag-/406174707771,Floating 4-in-a-Row Pool Game Set with Mesh Storage Bag
406174705962,33.98,8.54,25.1,1,0,0,0,"VeRO,title-changed",CLOSE,"0 sold (dead weight) | flags: VeRO,title-changed",https://www.ebay.com/itm/Inflatable-Floating-Game-Table-Waterproof-Playing-Cards-Pool-/406174705962,Inflatable Floating Game Table with Waterproof Playing Cards for the Pool
406174683287,201.98,36.33,18.0,0,0,1,4,title-changed,KEEP/RESTOCK,"winner but no available stock — fix stock, don't oversell",https://www.ebay.com/itm/Dog-Water-Ramp-Boats-Pools-Holds-200-lbs-2025-Model-Pump-/406174683287,Dog Water Ramp for Boats & Pools (Holds 200 lbs) - 2025 Model with Pump
406174665174,40.98,10.49,25.6,3,0,0,0,VeRO,CLOSE,0 sold (dead weight) | flags: VeRO,https://www.ebay.com/itm/Rip-Stop-Dog-Life-Vest-Swimming-Vest-Handle-Buoyancy-Doggy-Puppy-Dog-/406174665174,"Rip Stop Dog Life Vest, Swimming Vest with Handle, Buoyancy for Doggy Puppy, Dog Life Jack"
406174660421,31.98,7.84,24.5,2,0,0,0,"VeRO,title-changed",CLOSE,"0 sold (dead weight) | flags: VeRO,title-changed",https://www.ebay.com/itm/Dog-Life-Jacket-Dog-Life-Vest-Swimming-Boating-Cute-Bee-Design-Rescue-H-/406174660421,Dog Life Jacket Dog Life Vest for Swimming Boating Cute Bee Design with Rescue Handle Adju
406174659709,41.98,7.29,17.4,6,0,0,1,,KEEP+REPRICE,proven seller (1 sold) — optimize price/title,https://www.ebay.com/itm/Dog-Life-Jacket-Ripstop-American-Flag-Dog-Life-Vest-Swimming-Boating-Shark-/406174659709,"Dog Life Jacket, Ripstop American Flag Dog Life Vest for Swimming Boating, Shark Puppy Lif"
406174639751,39.98,7.75,19.4,3,0,0,0,duplicate,CLOSE,"low margin 19%, 0 sold | flags: duplicate",https://www.ebay.com/itm/Cute-Bee-Dog-Life-Jacket-Rescue-Handle-Swimming-S-M-L-Size-/406174639751,"Cute Bee Dog Life Jacket with Rescue Handle for Swimming (S,M,L Size)"
406174617068,36.98,8.08,21.8,3,0,0,0,"VeRO,title-changed",CLOSE,"0 sold (dead weight) | flags: VeRO,title-changed",https://www.ebay.com/itm/Adjustable-Ripstop-Dog-Life-Jacket-Small-Dogs-Rescue-Handle-/406174617068,Adjustable Ripstop Dog Life Jacket for Small Dogs with Rescue Handle
406174606348,184.98,23.75,12.8,0,2,0,0,title-changed,CLOSE,"no available stock (OOS 2 / on-hold 0), 0 sold — oversell risk | flags: title-changed",https://www.ebay.com/itm/Mermaid-Dog-Life-Jacket-Rescue-Handle-Swimming-Boating-Pink-/406174606348,Mermaid Dog Life Jacket with Rescue Handle for Swimming & Boating (Pink)
406169394318,209.98,45.0,21.4,0,1,0,0,,CLOSE,"no available stock (OOS 1 / on-hold 0), 0 sold — oversell risk",https://www.ebay.com/itm/Magnetic-Dryer-Ball-Holder-Organizer-Automatic-Dispenser-Balls-Included-/406169394318,Magnetic Dryer Ball Holder & Organizer with Automatic Dispenser (Balls Included)
406169382444,22.98,8.19,35.6,1,0,0,3,"VeRO,title-changed",KEEP+REPRICE,"proven seller (3 sold) — optimize price/title + fix VeRO,title-changed",https://www.ebay.com/itm/Hedgehog-Reusable-Dryer-Balls-Set-2-White-/406169382444,Hedgehog Reusable Dryer Balls - Set of 2 (White)
406169378584,40.98,8.53,20.8,1,0,0,0,title-changed,CLOSE,0 sold (dead weight) | flags: title-changed,https://www.ebay.com/itm/XL-6-Pack-Reusable-Wool-Dryer-Balls-Natural-Fabric-Softener-Wrinkle-Reducer-/406169378584,XL 6-Pack Reusable Wool Dryer Balls Natural Fabric Softener & Wrinkle Reducer
406169371094,35.98,7.08,19.7,1,0,0,0,title-changed,CLOSE,"low margin 20%, 0 sold | flags: title-changed",https://www.ebay.com/itm/Elegant-5Piece-Bamboo-Dish-Brush-Gift-Set-Eco-Friendly-Kitchen-Cleaning-Bundle-/406169371094,Elegant 5Piece Bamboo Dish Brush Gift Set | Eco-Friendly Kitchen Cleaning Bundle
406169368175,86.97,23.58,27.1,1,0,0,0,title-changed,CLOSE,0 sold (dead weight) | flags: title-changed,https://www.ebay.com/itm/Wholesale-Lot-100-Piece-Bamboo-Wood-Soap-Dish-Trays-/406169368175,Wholesale Lot: 100-Piece Bamboo Wood Soap Dish Trays
406169366515,18.98,7.79,41.0,1,0,0,0,,CLOSE,0 sold (dead weight),https://www.ebay.com/itm/Teak-Wood-Soap-Dish-Slanted-Waterfall-Design-/406169366515,Teak Wood Soap Dish with Slanted Waterfall Design
406169363673,31.98,7.88,24.6,1,0,0,0,title-changed,CLOSE,0 sold (dead weight) | flags: title-changed,https://www.ebay.com/itm/Eco-Friendly-Bamboo-Dish-Brush-Set-Natural-Bristles-3-Pack-/406169363673,Eco-Friendly Bamboo Dish Brush Set with Natural Bristles (3-Pack)
406169361118,50.98,8.58,16.8,1,0,0,0,title-changed,CLOSE,"low margin 17%, 0 sold | flags: title-changed",https://www.ebay.com/itm/Eco-Friendly-Bamboo-Dish-Brush-Bundle-3-Replacement-Heads-/406169361118,Eco-Friendly Bamboo Dish Brush Bundle with 3 Replacement Heads
406169350122,35.98,7.74,21.5,1,0,0,0,title-changed,CLOSE,0 sold (dead weight) | flags: title-changed,https://www.ebay.com/itm/13-Pack-Organic-Cotton-Reusable-Produce-Bags-Tare-Weight-/406169350122,13-Pack Organic Cotton Reusable Produce Bags with Tare Weight
406169342821,32.98,7.69,23.3,1,0,0,0,,CLOSE,0 sold (dead weight),https://www.ebay.com/itm/Reusable-Cotton-x10-Mesh-Produce-Bags-Secure-Drawstring-/406169342821,Reusable Cotton x10 Mesh Produce Bags with Secure Drawstring
406169338661,29.98,9.14,30.5,1,0,0,0,VeRO,CLOSE,0 sold (dead weight) | flags: VeRO,https://www.ebay.com/itm/Heavy-Duty-Trunk-Organizer-Large-3-Compartment-Collapsible-Storage-/406169338661,Heavy-Duty Trunk Organizer | Large 3-Compartment Collapsible Storage
406167307157,23.98,7.04,29.4,1,0,0,0,,CLOSE,0 sold (dead weight),https://www.ebay.com/itm/DEWALT-20V-MAX-XR-Oscillating-Multi-Tool-Kit-Brushless-Cordless-DCS356C1-New-/406167307157,20V MAX XR Oscillating Multi-Tool Kit Brushless Cordless DCS356C1 - New
406149695098,69.95,15.12,21.6,1,0,0,1,"VeRO,duplicate,title-changed",KEEP+REPRICE,"proven seller (1 sold) — optimize price/title + fix VeRO,duplicate,title-changed",https://www.ebay.com/itm/Solar-Stock-Tank-Pool-Cover-8Ft-Heavy-Duty-All-Weather-w-Wire-Rope-Winch-/406149695098,Solar Stock Tank Pool Cover 8Ft Heavy Duty All Weather w/ Wire Rope & Winch
406149693790,67.98,14.44,21.2,0,0,1,1,title-changed,KEEP/RESTOCK,"winner but no available stock — fix stock, don't oversell",https://www.ebay.com/itm/8FT-Round-Stock-Tank-Pool-Cover-Upgraded-Full-Coverage-Wire-Rope-Winch-Blue-/406149693790,8FT Round Stock Tank Pool Cover Upgraded Full Coverage Wire Rope & Winch Blue
406149690855,159.95,25.62,16.0,1,0,0,0,title-changed,CLOSE,"low margin 16%, 0 sold | flags: title-changed",https://www.ebay.com/itm/Premium-Winter-Pool-Cover-15FT-24FT-Round-Above-Ground-Pools-420D-/406149690855,"Premium Winter Pool Cover for 15FT-24FT Round Above Ground Pools, 420D"
406145750108,567.98,106.44,18.7,1,0,0,0,,CLOSE,"low margin 19%, 0 sold",https://www.ebay.com/itm/Bioballs-Biological-Filter-Media-1000pcs-Contractor-Pack-Pond-Waterfall-Garden-/406145750108,Bioballs Biological Filter Media 1000pcs Contractor Pack Pond Waterfall Garden
406145749254,50.98,12.99,25.5,1,0,0,0,,CLOSE,0 sold (dead weight),https://www.ebay.com/itm/67121-Pool-Care-D-E-Filter-Aid-10lb-Improves-Filtration-Water-Clarity-/406145749254,67121 Pool Care D.E. Filter Aid 10lb Improves Filtration & Water Clarity
406145741281,121.98,25.34,20.8,1,0,0,0,title-changed,CLOSE,0 sold (dead weight) | flags: title-changed,https://www.ebay.com/itm/Solar-Pool-Ionizer-Upgraded-Floating-Cleaner-Blue-Pools-Spas-up-45-000G-/406145741281,"Solar Pool Ionizer Upgraded Floating Cleaner Blue for Pools & Spas up to 45,000G"
406145739304,127.98,18.45,14.4,1,0,0,0,,CLOSE,"low margin 14%, 0 sold",https://www.ebay.com/itm/Original-Solar-Pool-Ionizer-Floating-Cleaner-Chlorine-Saver-Pools-35-000-Gal-/406145739304,"Original Solar Pool Ionizer Floating Cleaner Chlorine Saver for Pools 35,000 Gal"
406145736064,81.98,14.34,17.5,1,0,0,0,title-changed,CLOSE,"low margin 18%, 0 sold | flags: title-changed",https://www.ebay.com/itm/Ultra-Tough-Jawline-Gum-3-Pack-Hard-Chewing-Gum-Bubblegum-Mint-Cinnamon-Variety-/406145736064,Ultra Tough Jawline Gum 3 Pack Hard Chewing Gum Bubblegum Mint Cinnamon Variety
406145735305,40.98,9.49,23.2,1,0,0,0,title-changed,CLOSE,0 sold (dead weight) | flags: title-changed,https://www.ebay.com/itm/Creatine-Monohydrate-Stick-Packs-30-Servings-Travel-Powder-Supplement-Unflavored-/406145735305,Creatine Monohydrate Stick Packs 30 Servings Travel Powder Supplement Unflavored
406145724711,118.98,24.79,20.8,1,0,0,0,title-changed,CLOSE,0 sold (dead weight) | flags: title-changed,https://www.ebay.com/itm/XL-Aqua-Mineral-Purifier-Catalyst-Pools-7-5K-20K-Gal-w-Mineral-Pack-/406145724711,XL Aqua Mineral Purifier & Catalyst for Pools 7.5K–20K Gal w/ Mineral Pack
406145721943,192.98,30.55,15.8,0,1,0,0,,CLOSE,"no available stock (OOS 1 / on-hold 0), 0 sold — oversell risk",https://www.ebay.com/itm/18FT-Round-Solar-Pool-Cover-12Mil-Blue-Bubble-Blanket-Above-Inground-/406145721943,18FT Round Solar Pool Cover 12Mil Blue Bubble Blanket Above Inground
406107310897,34.95,12.37,35.4,1,0,0,0,"VeRO,duplicate,title-changed",CLOSE,"0 sold (dead weight) | flags: VeRO,duplicate,title-changed",https://www.ebay.com/itm/Universal-Fit-Kit-Multibrand-240PCS-Bumper-Retainer-Clips-Fasteners-Retainer-/406107310897,Universal Fit Kit Multibrand  240PCS Bumper Retainer Clips Fasteners  Retainer
406107303490,23.98,7.08,29.5,1,0,0,0,"VeRO,title-changed",CLOSE,"0 sold (dead weight) | flags: VeRO,title-changed",https://www.ebay.com/itm/Teak-Car-Air-Freshener-Wood-Diffuser-Odor-Eliminator-Starter-Kit-Zero-Spills-/406107303490,Teak Car Air Freshener Wood Diffuser | Odor Eliminator Starter Kit | Zero-Spills
406103214230,41.83,8.22,19.7,1,0,0,5,"VeRO,title-changed",KEEP+REPRICE,"proven seller (5 sold) — optimize price/title + fix VeRO,title-changed",https://www.ebay.com/itm/Ham-Maker-Stainless-Steel-Meat-Press-w-Thermometer-20-Cooking-Bags-Deli-DIY-/406103214230,Ham Maker Stainless Steel Meat Press w/ Thermometer + 20 Cooking Bags | Deli DIY
406103169166,46.98,9.59,20.4,0,0,1,3,"VeRO,title-changed",KEEP/RESTOCK,"winner but no available stock — fix stock, don't oversell",https://www.ebay.com/itm/Homemade-Ham-Maker-Deli-Meat-Press-Stainless-Steel-w-Thermometer-Bags-/406103169166,Homemade Ham Maker & Deli Meat Press | Stainless Steel w/ Thermometer & Bags
406103165492,245.98,41.2,16.7,1,0,0,0,title-changed,CLOSE,"low margin 17%, 0 sold | flags: title-changed",https://www.ebay.com/itm/Rolling-Metal-Planter-Trellis-73-Tall-Outdoor-Privacy-Screen-Garden-Bed-/406103165492,"Rolling Metal Planter with Trellis | 73"" Tall Outdoor Privacy Screen Garden Bed"
406103155439,37.98,8.96,23.6,1,0,0,0,title-changed,CLOSE,0 sold (dead weight) | flags: title-changed,https://www.ebay.com/itm/Electric-Mosquito-Zapper-Fly-Trap-UV-LED-Bug-Zapper-Indoor-Outdoor-/406103155439,Electric Mosquito Zapper & Fly Trap | UV LED Bug Zapper for Indoor & Outdoor
406096434658,234.98,33.39,14.2,0,1,0,0,VeRO,CLOSE,"no available stock (OOS 1 / on-hold 0), 0 sold — oversell risk | flags: VeRO",https://www.ebay.com/itm/3000W-240V-Immersion-Water-Heater-Thermostat-GFCI-Submersible-Design-/406096434658,"3000W 240V Immersion Water Heater – Thermostat, GFCI, Submersible Design"
406096432417,447.87,7.88,1.8,1,0,0,0,"VeRO,title-changed",CLOSE,"low margin 2%, 0 sold | flags: VeRO,title-changed",https://www.ebay.com/itm/Robotic-Pool-Cleaner-Above-In-Ground-Pools-Solar-DC-72H-Runtime-/406096432417,"Robotic Pool Cleaner for Above/In-Ground Pools – Solar/DC, 72H Runtime"
406092460312,28.98,7.69,26.5,0,0,1,1,VeRO,KEEP/RESTOCK,"winner but no available stock — fix stock, don't oversell",https://www.ebay.com/itm/Roller-Idler-Pulley-Wheel-6x30x30mm-626RS-Bearing-Black-1Pc-/406092460312,Roller Idler Pulley Wheel 6x30x30mm with 626RS Bearing – Black (1Pc)
406092459629,28.98,10.29,35.5,1,0,0,0,title-changed,CLOSE,0 sold (dead weight) | flags: title-changed,https://www.ebay.com/itm/50-Pack-Microfiber-Cleaning-Cloths-12x12-Towels-Car-and-Home-Multi-Color-/406092459629,50 Pack Microfiber Cleaning Cloths 12x12 Towels for Car and Home Multi-Color
406092459230,19.92,8.99,45.1,1,0,0,0,title-changed,CLOSE,0 sold (dead weight) | flags: title-changed,https://www.ebay.com/itm/2x-Tungsten-Carbide-Scriber-Pen-Set-w-Magnet-10-Tips-Metal-Engraving-/406092459230,2x Tungsten Carbide Scriber Pen Set w/ Magnet + 10 Tips – Metal Engraving
406092452060,15.99,7.05,44.1,2,3,0,0,VeRO,CLOSE,0 sold (dead weight) | flags: VeRO,https://www.ebay.com/itm/3D-Human-Body-Torso-Model-DIY-Kit-Kids-Anatomy-Learning-Toy-/406092452060,3D Human Body Torso Model DIY Kit – Kids Anatomy Learning Toy 
