item_id,id,category,sold,old_len,new_len,changed,old_title,new_title,url
406174659709,68b37c3c7f842afd2cd73760,Safety Vests & Life Preservers,3,166,73,1,"Dog Life Jacket, Ripstop American Flag Dog Life Vest for Swimming Boating, Shark Puppy Lifesaver with High Buoyancy Swimsuit for Small Medium and Large Dogs (X-Small)","Dog Life Jacket, Ripstop American Flag Dog Life Vest for Swimming Boating",https://www.ebay.com/itm/Dog-Life-Jacket-Ripstop-American-Flag-Dog-Life-Vest-Swimming-Boating-Shark-/406174659709
407068150883,6a53de7d9efaa836e0ffe4ef,Food Storage Bags,0,199,72,1,"Reusable Cotton Mesh Produce Bags - 100% Organic Cotton, Durable, Double Stitched, Washable with Tare Weight & Drawstring - Mesh Bags for Grocery Shopping, Vegetables & Fruits | Set of 6 (2L, 2M, 2S)","Reusable Cotton Mesh Produce Bags - 100% Organic Cotton, Durable, Double",https://www.ebay.com/itm/Reusable-Cotton-Mesh-Produce-Bags-100-Organic-Cotton-Durable-Double-Stitche-/407068150883
407048710505,6a4975596eba6d52434db34e,Landscape & Walkway Lights,0,196,78,1,"Dusk to Dawn Outdoor Post Light Hardwired 120V, Waterproof Aluminum Pole Light Fixture with Pier Mount Base, Exterior Lamp Post Lantern Head with Clear Glass for Garden Yard Patio Pathway (6 Inch)","Dusk to Dawn Outdoor Post Light Hardwired 120V, Waterproof Aluminum Pole Light",https://www.ebay.com/itm/Dusk-Dawn-Outdoor-Post-Light-Hardwired-120V-Waterproof-Aluminum-Pole-Light-F-/407048710505
407048708411,6a4974ed7d7628dc88347603,Mats & Non-Slip Towels,0,193,76,1,"Large Yoga Mat 6'X4'/6'X6'/7'X5'(7Mm/9Mm), Extra Thick Workout Mats for Home Gym Flooring,Ultra Comfortable Non-Slip Quick Resilient Barefoot Wide Exercise Mat for Pilates,Stretching,Meditation","Large Yoga Mat 6'X4'/6'X6'/7'X5'(7Mm/9Mm), Extra Thick Workout Mats for Home",https://www.ebay.com/itm/Large-Yoga-Mat-6X4-6X6-7X5-7Mm-9Mm-Extra-Thick-Workout-Mats-Home-Gym-/407048708411
407049367069,6a49f27391b2265e97d190af,Blankets,0,189,78,1,"Waterproof Dog Blanket for Couch, Pee Proof Sherpa Fleece Reversible Pet Throw, Furniture Protector for Bed Sofa Kennel, Soft Washable Cover for Small Medium Dog Puppy Cat, 29X40 Plaid Blue","Waterproof Dog Blanket for Couch, Pee Proof Sherpa Fleece Reversible Pet Throw",https://www.ebay.com/itm/Waterproof-Dog-Blanket-Couch-Pee-Proof-Sherpa-Fleece-Reversible-Pet-Throw-/407049367069
407068159776,6a53e0df2f9bc2eac3cc0e6b,Cleaning Towels & Cloths,0,182,73,1,"Microfiber Cleaning Cloth - Pack of 8, Size: 12 X 16 In, Multi-Functional Cleaning Towels, Highly Absorbent Cleaning Rags, Lint-Free, Streak-Free Cleaning Cloths for Car Kitchen Home","Microfiber Cleaning Cloth - Pack of 8, Size: 12 X 16 In, Multi-Functional",https://www.ebay.com/itm/Microfiber-Cleaning-Cloth-Pack-8-Size-12-X-16-In-Multi-Functional-Cleani-/407068159776
407047329249,6a48ab0aacc6e3c2df0a221e,Dental Floss & Flossers,0,182,79,1,"Corn Starch Natural Dental Floss Picks - 200 Count - Mint | Mint Flavored Vegan Flossers. BPA Free, PETA Approved. Plant-Based 3-Inch Picks for Interdental Cleaning and Fresh Breath.",Corn Starch Natural Dental Floss Picks - 200 Count - Mint | Mint Flavored Vegan,https://www.ebay.com/itm/Corn-Starch-Natural-Dental-Floss-Picks-200-Count-Mint-Mint-Flavored-Vegan-/407047329249
407068158650,6a53e009d9f42a88ca591ec5,Storage Bags,0,176,66,1,"ALL INCLUDED - 12 Set Packing Cubes for Suitcases Carry On, Travel Essentials/Accessories Luggage Organizer Bags Set, Includes Cubes, Shoes Bag, Matte Cosmetic Bag, Zipper Bags","ALL INCLUDED - 12 Set Packing Cubes for Suitcases Carry On, Travel",https://www.ebay.com/itm/ALL-INCLUDED-12-Set-Packing-Cubes-Suitcases-Carry-On-Travel-Essentials-Ac-/407068158650
407049373195,6a49f3b591b2265e97d190be,"Brushes, Combs & Rakes",0,172,66,1,"Mark VIII round Head Slicker Brush for Dogs, 12Mm Pins, Groom like a Pro, Handcrafted Lightweight Beechwood Ergonomic Handle, Stainless Steel Pins, A5VIII. Made in Germany.","Mark VIII round Head Slicker Brush for Dogs, 12Mm Pins, Groom like",https://www.ebay.com/itm/Mark-VIII-round-Head-Slicker-Brush-Dogs-12Mm-Pins-Groom-like-Pro-Handcr-/407049373195
407049363866,6a49f17199512666b3fbcbb2,Mattress Pads & Covers,0,160,76,1,"Waterproof Crib Mattress Protector 27"" X 38"", Non-Slip & Sturdy Mattress Pad Mat, 4 Layers Incontinence Bed Pad for Children Adults, Pets Training Pee Pad, Grey","Waterproof Crib Mattress Protector 27"" X 38"", Non-Slip & Sturdy Mattress Pad",https://www.ebay.com/itm/Waterproof-Crib-Mattress-Protector-27-X-38-Non-Slip-Sturdy-Mattress-Pad-Mat-/407049363866
407048781113,6a4986dc7ee40bbf377a41ac,Scissors & Fur Clippers,0,153,79,1,"Professional Dog Grooming Straight, Curved, Thinning/Blending/Chunking Scissors Kit, JP-440C Stainless Steel Pet Cat Hair Cutting/Trimming Shears, Silver","Professional Dog Grooming Straight, Curved, Thinning/Blending/Chunking Scissors",https://www.ebay.com/itm/Professional-Dog-Grooming-Straight-Curved-Thinning-Blending-Chunking-Scissors-/407048781113
407048745229,6a497edb7d7628dc88347665,Barbecue & Grill Replacement Parts,0,152,77,1,"16 1/2 Inch Porcelain Heat Shield for Charbroil 463211511 463211512 463211513 463211514 463211516 463210311, Master Forge GGP-2501, G560-0006-W1, 4-Pack",16 1/2 Inch Porcelain Heat Shield for Charbroil 463211511 463211512 463211513,https://www.ebay.com/itm/16-1-2-Inch-Porcelain-Heat-Shield-Charbroil-463211511-463211512-463211513-46-/407048745229
407047234995,6a489bb1007c211a260a2bf2,Desk & Drawer Organizers,0,136,71,1,"Desk Organizer - Multifunctional Leather Desktop Pen Holder Storage Box - Business Card/Pen/Pencil/Mobile Phone/Stationery Holder, White",Desk Organizer - Multifunctional Leather Desktop Pen Holder Storage Box,https://www.ebay.com/itm/Desk-Organizer-Multifunctional-Leather-Desktop-Pen-Holder-Storage-Box-Busine-/407047234995
407049383436,6a49f5f830ae0018fad18929,Furniture & Scratchers,0,128,76,1,"Cat Tree, 33.1-Inch Cat Tower, Plush Condo for Large Cats up to 16 Lb, Large Perch, 2 Caves, Scratching Post, Light Gray UPCT61W","Cat Tree, 33.1-Inch Cat Tower, Plush Condo for Large Cats up to 16 Lb, Large",https://www.ebay.com/itm/Cat-Tree-33-1-Inch-Cat-Tower-Plush-Condo-Large-Cats-up-16-Lb-Large-Per-/407049383436
407050717375,6a4aa00ad8c3ffb1de6d27c7,Power Strips & Surge Protectors,0,78,72,1,"Flat Plug Power Strip Surge Protector, Power Strip with USB Ports, 3 USB C and","Flat Plug Power Strip Surge Protector, Power Strip with USB Ports, 3 USB",https://www.ebay.com/itm/Flat-Plug-Power-Strip-Surge-Protector-Power-Strip-USB-Ports-3-USB-C-and-1-/407050717375
407051366964,6a4b0ba459c194e06346fea4,Posters & Prints,0,77,75,1,Yellow Rose Canvas Wall Art Decor 12X12 Inch 4Pcs Framed Vintage Rustic Art |,Yellow Rose Canvas Wall Art Decor 12X12 Inch 4Pcs Framed Vintage Rustic Art,https://www.ebay.com/itm/Yellow-Rose-Canvas-Wall-Art-Decor-12X12-Inch-4Pcs-Framed-Vintage-Rustic-Art-Fa-/407051366964
407050715366,6a4a9fe5f8d26d650434777d,Beds,0,77,72,1,"Orthopedic Dog Bed for Large Dogs W/ Removable Bolsters & Washable Cover, for",Orthopedic Dog Bed for Large Dogs W/ Removable Bolsters & Washable Cover,https://www.ebay.com/itm/Orthopedic-Dog-Bed-Large-Dogs-W-Removable-Bolsters-Washable-Cover-Do-/407050715366
407080324220,6a53dca82f9bc2eac3cc0e27,"Cling Film, Foil & Food Wraps",0,75,71,1,"Silicone Stretch Lids, Zero Waste Reusable Silicon Container Lid Covers for","Silicone Stretch Lids, Zero Waste Reusable Silicon Container Lid Covers",https://www.ebay.com/itm/Silicone-Stretch-Lids-Zero-Waste-Reusable-Silicon-Container-Lid-Covers-/407080324220
407051202165,6a4b0158d2b3f004c616fdeb,Litter Boxes,0,75,74,1,"Metal Cat Litter Scoop – Long Handle Cat Poop Scooper for Litter Box (15”),",Metal Cat Litter Scoop – Long Handle Cat Poop Scooper for Litter Box (15”),https://www.ebay.com/itm/Metal-Cat-Litter-Scoop-Long-Handle-Cat-Poop-Scooper-Litter-Box-15-Heav-/407051202165
407050330480,6a4a6ea6d2b3f004c616f575,Home Fragrance,0,75,73,1,"120Ml Glass Essential Oil Diffuser, Ultrasonic Aroma Diffuser Glass Cover &","120Ml Glass Essential Oil Diffuser, Ultrasonic Aroma Diffuser Glass Cover",https://www.ebay.com/itm/120Ml-Glass-Essential-Oil-Diffuser-Ultrasonic-Aroma-Diffuser-Glass-Cover-Plas-/407050330480
407086316285,6a5427aa306935ee45578a82,"Jewelry Boxes, Organizers & Packaging",0,72,69,1,Jewelry Box Organizer 2 Layer Large Storage Case for Women Girls Pink PU,Jewelry Box Organizer 2 Layer Large Storage Case for Women Girls Pink,https://www.ebay.com/itm/Jewelry-Box-Organizer-Women-Girls-2-Layer-Large-Men-Jewelry-Storage-Case-PU-/407086316285
407062175146,6a50496987c679b2f82c69de,Collars,0,70,67,1,"Wolfgang Heavy Duty, Adjustable Dog Collar with Quick Release Nylon Bu","Wolfgang Heavy Duty, Adjustable Dog Collar with Quick Release Nylon",https://www.ebay.com/itm/Wolfgang-Heavy-Duty-Adjustable-Dog-Collar-Quick-Release-Nylon-Bu-/407062175146
407062168652,6a5048d5b32eef4ec93809ff,Tea Infusers,0,70,64,1,"Mora Ceramics Tea Cup with Loose Leaf Infuser, Spoon and Lid, 12 oz, M","Mora Ceramics Tea Cup with Loose Leaf Infuser, Spoon and Lid, 12",https://www.ebay.com/itm/Mora-Ceramics-Tea-Cup-Loose-Leaf-Infuser-Spoon-and-Lid-12-oz-M-/407062168652
407062161988,6a5047bc3a9beb3b3649442a,Display Cases & Stands,0,70,62,1,Bivitre 1/64 Diorama Display Case with LED Lights - Compatible with Ho,Bivitre 1/64 Diorama Display Case with LED Lights - Compatible,https://www.ebay.com/itm/Bivitre-1-64-Diorama-Display-Case-LED-Lights-Compatible-Ho-/407062161988
407059585291,6a4ed5412e7a61442747fc3f,Tea Infusers,0,70,64,1,"Lezero 13oz Tea Infuser Cups Kits, Glass Mugs with Filter Basket and L","Lezero 13oz Tea Infuser Cups Kits, Glass Mugs with Filter Basket",https://www.ebay.com/itm/Lezero-13oz-Tea-Infuser-Cups-Kits-Glass-Mugs-Filter-Basket-and-L-/407059585291
407059562140,6a4ed37102a3c21b7cd742c0,Leashes & Head Collars,0,70,67,1,"Mile High Life Leather Dog Leash, Heavy Duty Strong Genuine Leather Ha","Mile High Life Leather Dog Leash, Heavy Duty Strong Genuine Leather",https://www.ebay.com/itm/Mile-High-Life-Leather-Dog-Leash-Heavy-Duty-Strong-Genuine-Leather-Ha-/407059562140
407059556135,6a4ed2c2691ddee54420850d,"Jewelry Boxes, Organizers & Packaging",0,70,67,1,Hipiwe Vintage Glass Jewelry Box - Golden Hexagonal Jewelry Display Or,Hipiwe Vintage Glass Jewelry Box - Golden Hexagonal Jewelry Display,https://www.ebay.com/itm/Hipiwe-Vintage-Glass-Jewelry-Box-Golden-Hexagonal-Jewelry-Display-/407059556135
407059554510,6a4ed207a3b13c894ef8b7b3,Equipment,0,70,67,1,Litorange Grolsch Gaskets Silicone Seals - For Swing Top Bottles-40 Pa,Litorange Grolsch Gaskets Silicone Seals - For Swing Top Bottles-40,https://www.ebay.com/itm/Litorange-Grolsch-Gaskets-Silicone-Seals-Swing-Top-Bottles-40-Pa-/407059554510
407059533420,6a4ec6f07b723ab7d5b6edcb,Tapestries,0,70,67,1,Mkono Moon Phase Wall Hanging Boho Aesthetic Room Decor Metal Moons Ga,Mkono Moon Phase Wall Hanging Boho Aesthetic Room Decor Metal Moons,https://www.ebay.com/itm/Mkono-Moon-Phase-Wall-Hanging-Boho-Aesthetic-Room-Decor-Metal-Moons-Ga-/407059533420
407059528385,6a4ec5869633208b2a47fb87,"String Lights, Fairy Lights",0,70,68,1,"Connectable 200 LED String Lights Indoor Outdoor with Timer, 66FT 13 M","Connectable 200 LED String Lights Indoor Outdoor with Timer, 66FT 13",https://www.ebay.com/itm/Connectable-200-LED-String-Lights-Indoor-Outdoor-Timer-66FT-13-M-/407059528385
407053283548,6a4beba2f664af7c8de55879,"Baskets, Pots, Window Boxes & Saucers",0,70,69,1,"Gardzen 6-Pack 30 Gallon Grow Bags, Aeration Fabric Pots with Handles,","Gardzen 6-Pack 30 Gallon Grow Bags, Aeration Fabric Pots with Handles",https://www.ebay.com/itm/Gardzen-6-Pack-30-Gallon-Grow-Bags-Aeration-Fabric-Pots-Handles-/407053283548
407053279394,6a4beb83047d6e6c513e3cd8,Yarn,0,70,67,1,Cozyful Chunky Yarn for Hand Knitting - #10 Chunky Chenille Blanket Ya,Cozyful Chunky Yarn for Hand Knitting - #10 Chunky Chenille Blanket,https://www.ebay.com/itm/Cozyful-Chunky-Yarn-Hand-Knitting-10-Chunky-Chenille-Blanket-Ya-/407053279394
407053205846,6a4bdd94f19b6a37103b9b2e,Welding & Soldering Tools,0,70,67,1,Toolour Helping Hands Soldering Third Hand Tool Tabletop Clamp Base wi,Toolour Helping Hands Soldering Third Hand Tool Tabletop Clamp Base,https://www.ebay.com/itm/Toolour-Helping-Hands-Soldering-Third-Hand-Tool-Tabletop-Clamp-Base-wi-/407053205846
407053199489,6a4bdd713f5e5a03e5e56c95,"Swings, Slides & Gyms",0,70,68,1,"JKsmart 2 Pack Kids Swing Seat, Heavy Duty Rope Play Secure Children S","JKsmart 2 Pack Kids Swing Seat, Heavy Duty Rope Play Secure Children",https://www.ebay.com/itm/JKsmart-2-Pack-Kids-Swing-Seat-Heavy-Duty-Rope-Play-Secure-Children-S-/407053199489
407053189402,6a4bdcbc8977c53133933297,Disc Golf Discs,0,70,69,1,"Dynamic Discs Prime Burst 3-Disc Golf Set | Includes Putter, Midrange,","Dynamic Discs Prime Burst 3-Disc Golf Set | Includes Putter, Midrange",https://www.ebay.com/itm/Dynamic-Discs-Prime-Burst-3-Disc-Golf-Set-Includes-Putter-Midrange-/407053189402
407053181358,6a4bdc7300dd642a3ce6b130,Contemporary Chess,0,70,68,1,Wegiel Handmade European Ambassador Chess Set - Wooden 21 Inch Beech &,Wegiel Handmade European Ambassador Chess Set - Wooden 21 Inch Beech,https://www.ebay.com/itm/Wegiel-Handmade-European-Ambassador-Chess-Set-Wooden-21-Inch-Beech-/407053181358
407053168371,6a4bdb2f8977c53133933281,Soil & Soil Amendments,0,70,68,1,Organic Perlite by Perfect Plants — Add to Soil for Indoor & Outdoor C,Organic Perlite by Perfect Plants — Add to Soil for Indoor & Outdoor,https://www.ebay.com/itm/Organic-Perlite-Perfect-Plants-Add-Soil-Indoor-Outdoor-C-/407053168371
407053149436,6a4bd97f8fdba3ebd3ba6237,Dental Instruments,0,70,67,1,Dental Tools Kit for Teeth Cleaning (6 Pack) – Stainless Steel Oral Ca,Dental Tools Kit for Teeth Cleaning (6 Pack) – Stainless Steel Oral,https://www.ebay.com/itm/Dental-Tools-Kit-Teeth-Cleaning-6-Pack-Stainless-Steel-Oral-Ca-/407053149436
407053100332,6a4bd6d18977c53133933229,Candles,0,70,67,1,"Simply Soson 3x6 inch Ivory Pillar Candles Set of 6, Smooth Texture, U","Simply Soson 3x6 inch Ivory Pillar Candles Set of 6, Smooth Texture",https://www.ebay.com/itm/Simply-Soson-3x6-inch-Ivory-Pillar-Candles-Set-6-Smooth-Texture-U-/407053100332
407053097512,6a4bd6658977c53133933225,Cabinet Pulls,0,70,68,1,20 Pack Gold Cabinet Knobs Brushed Gold Drawer Knobs T Brass Cabinet P,20 Pack Gold Cabinet Knobs Brushed Gold Drawer Knobs T Brass Cabinet,https://www.ebay.com/itm/20-Pack-Gold-Cabinet-Knobs-Brushed-Gold-Drawer-Knobs-T-Brass-Cabinet-P-/407053097512
407053012750,6a4bc6703f5e5a03e5e56a9e,Blankets & Throws,0,70,67,1,Glow in The Dark Unicorn Blanket for Girls – Soft Pink Fleece Throw. G,Glow in The Dark Unicorn Blanket for Girls – Soft Pink Fleece Throw,https://www.ebay.com/itm/Glow-Dark-Unicorn-Blanket-Girls-Soft-Pink-Fleece-Throw-G-/407053012750
407053006561,6a4bc59a18fb029322ad10dd,Pillows,0,70,67,1,20x20 Pillow Covers Set of 2 Farmhouse Decor Stripe Patchwork Linen Th,20x20 Pillow Covers Set of 2 Farmhouse Decor Stripe Patchwork Linen,https://www.ebay.com/itm/20x20-Pillow-Covers-Set-2-Farmhouse-Decor-Stripe-Patchwork-Linen-Th-/407053006561
407052948168,6a4bc2823f5e5a03e5e56a6a,Luggage,0,70,68,1,Heavy Duty Cargo Duffel Large Sport Gear Drum Set Equipment Hardware T,Heavy Duty Cargo Duffel Large Sport Gear Drum Set Equipment Hardware,https://www.ebay.com/itm/Heavy-Duty-Cargo-Duffel-Large-Sport-Gear-Drum-Set-Equipment-Hardware-T-/407052948168
407052576150,6a4ba06122c9b1352a923b6a,Brushes,0,70,67,1,"Disposable Makeup Applicators Kit with Triangle Puff Mixing Palette, A",Disposable Makeup Applicators Kit with Triangle Puff Mixing Palette,https://www.ebay.com/itm/Disposable-Makeup-Applicators-Kit-Triangle-Puff-Mixing-Palette-/407052576150
407052556258,6a4b9edb7e07ab9bbb931ced,"Quilts, Bedspreads & Coverlets",0,70,68,1,"Lush Decor Leah Reversible Floral Quilt Set, 3 Piece Set, King, Navy &","Lush Decor Leah Reversible Floral Quilt Set, 3 Piece Set, King, Navy",https://www.ebay.com/itm/Lush-Decor-Leah-Reversible-Floral-Quilt-Set-3-Piece-Set-King-Navy-/407052556258
407052542916,6a4b9e8de6e491c5ada3ea75,Disc Golf Discs,0,70,67,1,Westside Discs Origio Burst 5-Disc Golf Starter Set - Beginner Disc Go,Westside Discs Origio Burst 5-Disc Golf Starter Set - Beginner Disc,https://www.ebay.com/itm/Westside-Discs-Origio-Burst-5-Disc-Golf-Starter-Set-Beginner-Disc-Go-/407052542916
407052516197,6a4b9dbbe6e491c5ada3ea60,Push Up Stands,0,70,66,1,Lebert Fitness Parallette Push Up Bars Dip Station Stand - Perfect for,Lebert Fitness Parallette Push Up Bars Dip Station Stand - Perfect,https://www.ebay.com/itm/Lebert-Fitness-Parallette-Push-Up-Bars-Dip-Station-Stand-Perfect-/407052516197
407052372501,6a4b9983f464e97fe47c65f3,Comforters & Sets,0,70,67,1,Homelike Moment California King Comforter - White Duvet Insert Down Al,Homelike Moment California King Comforter - White Duvet Insert Down,https://www.ebay.com/itm/Homelike-Moment-California-King-Comforter-White-Duvet-Insert-Down-Al-/407052372501
407052277550,6a4b9438f464e97fe47c6563,Notebooks & Binders,0,70,67,1,"Spiral Notebook - 5 Subject Notebook, College Ruled Notebook 3-Hole Pu","Spiral Notebook - 5 Subject Notebook, College Ruled Notebook 3-Hole",https://www.ebay.com/itm/Spiral-Notebook-5-Subject-Notebook-College-Ruled-Notebook-3-Hole-Pu-/407052277550
407052262354,6a4b93a162f63b6f469239c7,Landscape & Walkway Lights,0,70,68,1,Solar Lantern Outdoor Patio Decor: Solar Lanterns Outdoor Waterproof H,Solar Lantern Outdoor Patio Decor: Solar Lanterns Outdoor Waterproof,https://www.ebay.com/itm/Solar-Lantern-Outdoor-Patio-Decor-Solar-Lanterns-Outdoor-Waterproof-H-/407052262354
407052253909,6a4b92b6f464e97fe47c653b,Pillowcases,0,70,67,1,4 Pack Pillow Cases - Queen Size - 4PC Pillow Cases - 4 Pack Pillow Co,4 Pack Pillow Cases - Queen Size - 4PC Pillow Cases - 4 Pack Pillow,https://www.ebay.com/itm/4-Pack-Pillow-Cases-Queen-Size-4PC-Pillow-Cases-4-Pack-Pillow-Co-/407052253909
407052188520,6a4b8406646763a2b4cdfa80,Blank Diaries & Journals,0,70,68,1,Embossed Leather Journal Writing Notebook - Antique Handmade Leather D,Embossed Leather Journal Writing Notebook - Antique Handmade Leather,https://www.ebay.com/itm/Embossed-Leather-Journal-Writing-Notebook-Antique-Handmade-Leather-D-/407052188520
407052175644,6a4b82b7a82fb80dc80454be,"Quilts, Bedspreads & Coverlets",0,70,69,1,"Lush Decor Royal Empire Reversible Cotton Quilt Set, 3 Piece Set King,","Lush Decor Royal Empire Reversible Cotton Quilt Set, 3 Piece Set King",https://www.ebay.com/itm/Lush-Decor-Royal-Empire-Reversible-Cotton-Quilt-Set-3-Piece-Set-King-/407052175644
407052173193,6a4b82912df719c525d11071,Car Seat Covers,0,70,67,1,Car Seat Cover Waterproof Back Seat Cover for Kids and Dogs Without Sm,Car Seat Cover Waterproof Back Seat Cover for Kids and Dogs Without,https://www.ebay.com/itm/Car-Seat-Cover-Waterproof-Back-Seat-Cover-Kids-and-Dogs-Without-Sm-/407052173193
407052149449,6a4b819464b8113e3e754d22,Car Seat Covers,0,70,67,1,"Dog Car Seat Cover, 600D Heavy Dute Durable Car Seat Cover for Dogs Pe","Dog Car Seat Cover, 600D Heavy Dute Durable Car Seat Cover for Dogs",https://www.ebay.com/itm/Dog-Car-Seat-Cover-600D-Heavy-Dute-Durable-Car-Seat-Cover-Dogs-Pe-/407052149449
407052050660,6a4b720f78c3a766d7f219f8,Party Decorations,0,70,68,1,"Pooqla 16th Birthday Decoration for Girls Boys, Decorative LED Light U","Pooqla 16th Birthday Decoration for Girls Boys, Decorative LED Light",https://www.ebay.com/itm/Pooqla-16th-Birthday-Decoration-Girls-Boys-Decorative-LED-Light-U-/407052050660
407052027709,6a4b70842b8e984118d10e72,Car Seat Covers,0,70,63,1,"Active Pets Dog Car Seat Cover, Waterproof Front Seat Protector for SU","Active Pets Dog Car Seat Cover, Waterproof Front Seat Protector",https://www.ebay.com/itm/Active-Pets-Dog-Car-Seat-Cover-Waterproof-Front-Seat-Protector-SU-/407052027709
407052020235,6a4b6ff6646763a2b4cdf8f8,Beds,0,70,68,1,Anti Anxiety Round Fluffy Plush Faux Fur Warm Washable Dog Bed & Cat B,Anti Anxiety Round Fluffy Plush Faux Fur Warm Washable Dog Bed & Cat,https://www.ebay.com/itm/Anti-Anxiety-Round-Fluffy-Plush-Faux-Fur-Warm-Washable-Dog-Bed-Cat-B-/407052020235
407051990519,6a4b6c0c78c3a766d7f21974,Floral Décor,0,70,67,1,Alupssuc 24 Bundles Artificial Flowers for Outdoors Planters Spring De,Alupssuc 24 Bundles Artificial Flowers for Outdoors Planters Spring,https://www.ebay.com/itm/Alupssuc-24-Bundles-Artificial-Flowers-Outdoors-Planters-Spring-/407051990519
407051905153,6a4b6772646763a2b4cdf85a,Landscape & Walkway Lights,0,70,68,1,"Solar Lights Outdoor, 43"" Flickering Flames Torch Light Solar Garden L","Solar Lights Outdoor, 43"" Flickering Flames Torch Light Solar Garden",https://www.ebay.com/itm/Solar-Lights-Outdoor-43-Flickering-Flames-Torch-Light-Solar-Garden-L-/407051905153
407051901111,6a4b6700a82fb80dc8045424,Pool Pumps,0,70,67,1,Pool Cover Pump above Ground - Submersible Water Sump Pump Swimming Wa,Pool Cover Pump above Ground - Submersible Water Sump Pump Swimming,https://www.ebay.com/itm/Pool-Cover-Pump-above-Ground-Submersible-Water-Sump-Pump-Swimming-Wa-/407051901111
407051420334,6a4b0f8851e3a99fd1b448a5,Other Science & Nature Toys,0,70,64,1,"Makeblock mBot Robot Kit, STEM Projects for Kids Ages 8-12 Learn to Co","Makeblock mBot Robot Kit, STEM Projects for Kids Ages 8-12 Learn",https://www.ebay.com/itm/Makeblock-mBot-Robot-Kit-STEM-Projects-Kids-Ages-8-12-Learn-Co-/407051420334
407051328415,6a4b08dc98bd0c6ebe46ff83,Power Strips & Surge Protectors,0,70,67,1,"GHome Smart Power Strip with 3 WiFi Outlets & 3 USB, Alexa & Google Ho","GHome Smart Power Strip with 3 WiFi Outlets & 3 USB, Alexa & Google",https://www.ebay.com/itm/GHome-Smart-Power-Strip-3-WiFi-Outlets-3-USB-Alexa-Google-Ho-/407051328415
407051318891,6a4b080751e3a99fd1b44863,Drill Bits,0,70,68,1,Auger Drill bit for Planting 1.6x8.7& 4x12 Garden Auger Spiral Drill B,Auger Drill bit for Planting 1.6x8.7& 4x12 Garden Auger Spiral Drill,https://www.ebay.com/itm/Auger-Drill-bit-Planting-1-6x8-7-4x12-Garden-Auger-Spiral-Drill-B-/407051318891
407051295817,6a4b0789d2b3f004c616fe48,Candle Holders & Accessories,0,70,68,1,"Volens Round Gold Votive Candle Holders, Mercury Glass Candle Holder S","Volens Round Gold Votive Candle Holders, Mercury Glass Candle Holder",https://www.ebay.com/itm/Volens-Round-Gold-Votive-Candle-Holders-Mercury-Glass-Candle-Holder-S-/407051295817
407051291600,6a4b0674656642f82abb0710,Cups & Saucers,0,70,66,1,"Porcelain Tea Sets British Royal Series, 8 OZ Cups& Saucer Service for","Porcelain Tea Sets British Royal Series, 8 OZ Cups& Saucer Service",https://www.ebay.com/itm/Porcelain-Tea-Sets-British-Royal-Series-8-OZ-Cups-Saucer-Service-/407051291600
407051290913,6a4b074598bd0c6ebe46ff77,Candles,0,70,67,1,Stonebriar White Unscented Smokeless Long Burning Tea Light Candles wi,Stonebriar White Unscented Smokeless Long Burning Tea Light Candles,https://www.ebay.com/itm/Stonebriar-White-Unscented-Smokeless-Long-Burning-Tea-Light-Candles-wi-/407051290913
407051272039,6a4b0578f8d26d6504347910,Blankets & Throws,0,70,67,1,"Chunky Knit Blanket Throw 40""*60"", Hand Knitted Warm Chenille Throw Bl","Chunky Knit Blanket Throw 40""*60"", Hand Knitted Warm Chenille Throw",https://www.ebay.com/itm/Chunky-Knit-Blanket-Throw-40-60-Hand-Knitted-Warm-Chenille-Throw-Bl-/407051272039
407051267635,6a4b04f9338473fe3bb447dc,Posters & Prints,0,70,68,1,hyidecorart Wall Art Moon Sea blue Ocean Landscape Paintings Bedroom C,hyidecorart Wall Art Moon Sea blue Ocean Landscape Paintings Bedroom,https://www.ebay.com/itm/hyidecorart-Wall-Art-Moon-Sea-blue-Ocean-Landscape-Paintings-Bedroom-C-/407051267635
407051264606,6a4b055251e3a99fd1b44858,Gauges,0,70,62,1,"Sun Company Lev-o-gage Sr. Inclinometer and Tilt Gauge - Level for RV,",Sun Company Lev-o-gage Sr. Inclinometer and Tilt Gauge - Level,https://www.ebay.com/itm/Sun-Company-Lev-o-gage-Sr-Inclinometer-and-Tilt-Gauge-Level-RV-/407051264606
407051261515,6a4b041fd2b3f004c616fe22,Posters & Prints,0,70,68,1,Kitchen wall decor Restoring ancient ways Still life Wine glass Wine b,Kitchen wall decor Restoring ancient ways Still life Wine glass Wine,https://www.ebay.com/itm/Kitchen-wall-decor-Restoring-ancient-ways-Still-life-Wine-glass-Wine-b-/407051261515
407051259295,6a4b045159c194e06346fe90,Curtains & Drapes,0,70,68,1,"Wedding Arch Draping Fabric 3 Panels 27.5"" x 18.3Ft White Arch Drape C","Wedding Arch Draping Fabric 3 Panels 27.5"" x 18.3Ft White Arch Drape",https://www.ebay.com/itm/Wedding-Arch-Draping-Fabric-3-Panels-27-5-x-18-3Ft-White-Arch-Drape-C-/407051259295
407051247925,6a4b0508d2b3f004c616fe31,Comforters & Sets,0,70,67,1,"Cooling Comforter Queen Size, Double-Sided Cold Tech Fabric Quilted Be","Cooling Comforter Queen Size, Double-Sided Cold Tech Fabric Quilted",https://www.ebay.com/itm/Cooling-Comforter-Queen-Size-Double-Sided-Cold-Tech-Fabric-Quilted-/407051247925
407051229518,6a4b02bf51e3a99fd1b44825,Shower Curtains,0,70,67,1,"Extra Long Shower Curtain with 84 inch Height, Fabric, Waffle Weave, H","Extra Long Shower Curtain with 84 inch Height, Fabric, Waffle Weave",https://www.ebay.com/itm/Extra-Long-Shower-Curtain-84-inch-Height-Fabric-Waffle-Weave-H-/407051229518
407051219561,6a4b023651e3a99fd1b44820,Frames,0,70,68,1,12x12 Picture Frames White Made of Solid Wood Display Pictures 10x10 o,12x12 Picture Frames White Made of Solid Wood Display Pictures 10x10,https://www.ebay.com/itm/12x12-Picture-Frames-White-Made-Solid-Wood-Display-Pictures-10x10-o-/407051219561
407051188656,6a4affac51e3a99fd1b447fc,Candles,0,70,68,1,"Capri Blue Volcano Scented, Glass Jar Candles for Home with Tropical F","Capri Blue Volcano Scented, Glass Jar Candles for Home with Tropical",https://www.ebay.com/itm/Capri-Blue-Volcano-Scented-Glass-Jar-Candles-Home-Tropical-F-/407051188656
407051105214,6a4af669d2b3f004c616fd85,Mouse Pads & Wrist Rests,0,70,68,1,"Gaming Mouse Pad Desk Pad,Extended Big Mouse Pad,31.5x11.8 Inch Long C","Gaming Mouse Pad Desk Pad,Extended Big Mouse Pad,31.5x11.8 Inch Long",https://www.ebay.com/itm/Gaming-Mouse-Pad-Desk-Pad-Extended-Big-Mouse-Pad-31-5x11-8-Inch-Long-C-/407051105214
407051045687,6a4ae900d2b3f004c616fcf8,Mirrors,0,70,67,1,"Large Circle Mirror, Round Wall Mirror, Premium Brushed Metal Frame, D","Large Circle Mirror, Round Wall Mirror, Premium Brushed Metal Frame",https://www.ebay.com/itm/Large-Circle-Mirror-Round-Wall-Mirror-Premium-Brushed-Metal-Frame-D-/407051045687
407051032831,6a4ae84dd22a6109c6bb0f92,Bathroom Accessory Sets,0,70,68,1,5 Pieces Bathroom Hardware Accessories Set Black Towel Bar Set Towel H,5 Pieces Bathroom Hardware Accessories Set Black Towel Bar Set Towel,https://www.ebay.com/itm/5-Pieces-Bathroom-Hardware-Accessories-Set-Black-Towel-Bar-Set-Towel-H-/407051032831
407050997174,6a4ae6107d7628dc883489a5,Vases,0,70,67,1,Boho Minimalist Small Ceramic Vase Set of 4 for Bedroom Living Room Of,Boho Minimalist Small Ceramic Vase Set of 4 for Bedroom Living Room,https://www.ebay.com/itm/Boho-Minimalist-Small-Ceramic-Vase-Set-4-Bedroom-Living-Room-/407050997174
407050985743,6a4ae367d952eba3666d2eb4,Posters & Prints,0,70,68,1,Wieco Art 3 Panels The Cloud Tree Gallery Wrapped Modern Canvas Wall A,Wieco Art 3 Panels The Cloud Tree Gallery Wrapped Modern Canvas Wall,https://www.ebay.com/itm/Wieco-Art-3-Panels-Cloud-Tree-Gallery-Wrapped-Modern-Canvas-Wall-/407050985743
407050973486,6a4ae24ad2b3f004c616fcac,Candles,0,70,66,1,Thymes Travel Tin Holiday Candles - Scented Candles for Home Decor - W,Thymes Travel Tin Holiday Candles - Scented Candles for Home Decor,https://www.ebay.com/itm/Thymes-Travel-Tin-Holiday-Candles-Scented-Candles-Home-Decor-W-/407050973486
407050968515,6a4ae1bc5ec0f5d4f116f3ef,Women's Bags & Handbags,0,70,68,1,Miuco Womens Bamboo Handbag Handmade Large Tote Bag Straw Beach Bags B,Miuco Womens Bamboo Handbag Handmade Large Tote Bag Straw Beach Bags,https://www.ebay.com/itm/Miuco-Womens-Bamboo-Handbag-Handmade-Large-Tote-Bag-Straw-Beach-Bags-B-/407050968515
407050922027,6a4ad42a73490fda4309a3d8,Pillows,0,70,68,1,Yangest Orange Striped Velvet Throw Pillow Cover Multicolor Textured B,Yangest Orange Striped Velvet Throw Pillow Cover Multicolor Textured,https://www.ebay.com/itm/Yangest-Orange-Striped-Velvet-Throw-Pillow-Cover-Multicolor-Textured-B-/407050922027
407050919231,6a4ad403656642f82abb06a5,Frames,0,70,62,1,"upsimples 13x19 Picture Frame Set of 5, Display Pictures 11x17 with Ma","upsimples 13x19 Picture Frame Set of 5, Display Pictures 11x17",https://www.ebay.com/itm/upsimples-13x19-Picture-Frame-Set-5-Display-Pictures-11x17-Ma-/407050919231
407050909422,6a4ad309d22a6109c6bb0ead,Women's Bags & Handbags,0,70,68,1,Kangapak Nurse Fanny Pack Multi Compartment Waist Organizer Tool Bag f,Kangapak Nurse Fanny Pack Multi Compartment Waist Organizer Tool Bag,https://www.ebay.com/itm/Kangapak-Nurse-Fanny-Pack-Multi-Compartment-Waist-Organizer-Tool-Bag-f-/407050909422
407050907495,6a4ad2ec656642f82abb06a4,Posters & Prints,0,70,67,1,Canvas Wall Art For Living Room Family Wall Decorations For Bedroom Ki,Canvas Wall Art For Living Room Family Wall Decorations For Bedroom,https://www.ebay.com/itm/Canvas-Wall-Art-Living-Room-Family-Wall-Decorations-Bedroom-Ki-/407050907495
407050905279,6a4ad25ed2b3f004c616fc0d,Posters & Prints,0,70,67,1,Inspirational Wall-Art - Quotes Office Wall Decor - Teal Wall Decor Fo,Inspirational Wall-Art - Quotes Office Wall Decor - Teal Wall Decor,https://www.ebay.com/itm/Inspirational-Wall-Art-Quotes-Office-Wall-Decor-Teal-Wall-Decor-Fo-/407050905279
407050880525,6a4ad066d8c3ffb1de6d28e9,Tea Infusers,0,70,67,1,Finum Reusable Stainless Steel Coffee and Tea Infusing Mesh Brewing Ba,Finum Reusable Stainless Steel Coffee and Tea Infusing Mesh Brewing,https://www.ebay.com/itm/Finum-Reusable-Stainless-Steel-Coffee-and-Tea-Infusing-Mesh-Brewing-Ba-/407050880525
407050877568,6a4acffcd952eba3666d2de6,Desk & Drawer Organizers,0,70,68,1,"Varhomax Glass Desk Whiteboard with Storage, Desktop Organizer to-do L","Varhomax Glass Desk Whiteboard with Storage, Desktop Organizer to-do",https://www.ebay.com/itm/Varhomax-Glass-Desk-Whiteboard-Storage-Desktop-Organizer-to-do-L-/407050877568
407050874441,6a4acf6ad952eba3666d2de1,Audio Docks & Mini Speakers,0,70,67,1,"comiso Bluetooth Speaker, Portable Bluetooth Speakers with Wireless St","comiso Bluetooth Speaker, Portable Bluetooth Speakers with Wireless",https://www.ebay.com/itm/comiso-Bluetooth-Speaker-Portable-Bluetooth-Speakers-Wireless-St-/407050874441
407050863245,6a4ace29d2b3f004c616fbd1,Candles,0,70,67,1,"Candle Gift Set for Women, 4 Pack Long Lasting Lavender Scented Soy Ca","Candle Gift Set for Women, 4 Pack Long Lasting Lavender Scented Soy",https://www.ebay.com/itm/Candle-Gift-Set-Women-4-Pack-Long-Lasting-Lavender-Scented-Soy-Ca-/407050863245
407050860128,6a4accc6d22a6109c6bb0e5f,Other Golf Accessories,0,70,67,1,10L0L Golf Pen Holder Golf Club Pens Gift Set Race Souvenirs Unique Gi,10L0L Golf Pen Holder Golf Club Pens Gift Set Race Souvenirs Unique,https://www.ebay.com/itm/10L0L-Golf-Pen-Holder-Golf-Club-Pens-Gift-Set-Race-Souvenirs-Unique-Gi-/407050860128
407050856209,6a4acc865ec0f5d4f116f3c1,Tea Infusers,0,70,68,1,suyika Tomotime Ceramic Tea Cup with Infuser and Lid Tea Mugs Wooden H,suyika Tomotime Ceramic Tea Cup with Infuser and Lid Tea Mugs Wooden,https://www.ebay.com/itm/suyika-Tomotime-Ceramic-Tea-Cup-Infuser-and-Lid-Tea-Mugs-Wooden-H-/407050856209
407050804391,6a4ac10173490fda4309a2cb,Car Seat Covers,0,70,68,1,"Active Pets Dog Car Seat Cover for Back Seat, Waterproof Pet Hammock P","Active Pets Dog Car Seat Cover for Back Seat, Waterproof Pet Hammock",https://www.ebay.com/itm/Active-Pets-Dog-Car-Seat-Cover-Back-Seat-Waterproof-Pet-Hammock-P-/407050804391
407050799872,6a4ac007d2b3f004c616fae5,Bags,0,70,67,1,"emissary Men's Toiletry Bag, Leather and Canvas Travel Toiletry Bag, D","emissary Men's Toiletry Bag, Leather and Canvas Travel Toiletry Bag",https://www.ebay.com/itm/emissary-Mens-Toiletry-Bag-Leather-and-Canvas-Travel-Toiletry-Bag-D-/407050799872
407050783133,6a4abe5c7d7628dc883487a4,Carriers & Totes,0,70,68,1,"Extra Large Cat Carrier Soft Sided, Portable Small Dog Carrier for 2 C","Extra Large Cat Carrier Soft Sided, Portable Small Dog Carrier for 2",https://www.ebay.com/itm/Extra-Large-Cat-Carrier-Soft-Sided-Portable-Small-Dog-Carrier-2-C-/407050783133
407050777967,6a4abdd4d2b3f004c616fabb,Blankets & Throws,0,70,67,1,"Chunky Knit Blanket Throw 48""*71"", Hand Knitted Warm Chenille Throw Bl","Chunky Knit Blanket Throw 48""*71"", Hand Knitted Warm Chenille Throw",https://www.ebay.com/itm/Chunky-Knit-Blanket-Throw-48-71-Hand-Knitted-Warm-Chenille-Throw-Bl-/407050777967
407050776936,6a4abdb1d22a6109c6bb0d54,Blankets & Throws,0,70,68,1,"Chunky Knit Blanket Throw 48""x71"", Chenille Throw Blankets, Handmade W","Chunky Knit Blanket Throw 48""x71"", Chenille Throw Blankets, Handmade",https://www.ebay.com/itm/Chunky-Knit-Blanket-Throw-48-x71-Chenille-Throw-Blankets-Handmade-W-/407050776936
407050773937,6a4abd64d22a6109c6bb0d4c,Carriers & Totes,0,70,66,1,"Soft Pet Carrier Bag for Cats and Puppy Under 20 lbs. Sturdy, Safe, Co","Soft Pet Carrier Bag for Cats and Puppy Under 20 lbs. Sturdy, Safe",https://www.ebay.com/itm/Soft-Pet-Carrier-Bag-Cats-and-Puppy-Under-20-lbs-Sturdy-Safe-Co-/407050773937
407050756879,6a4aa8e573490fda4309a17a,Bathtub Pillows,0,70,66,1,"Bath Pillow RUVINCE Ergonomic Luxury Bathtub Pillow with Head,Neck, Sh","Bath Pillow RUVINCE Ergonomic Luxury Bathtub Pillow with Head,Neck",https://www.ebay.com/itm/Bath-Pillow-Ergonomic-Luxury-Bathtub-Pillow-Head-Neck-Shoulder-and-Back-S-/407050756879
407050754390,6a4aa77bd22a6109c6bb0bee,Backpacks,0,70,62,1,"Loowoko 50L Hiking Backpack, Waterproof Camping Essentials Bag with Ra","Loowoko 50L Hiking Backpack, Waterproof Camping Essentials Bag",https://www.ebay.com/itm/50L-Hiking-Backpack-Waterproof-Camping-Essentials-Bag-Rain-Cover-45-5-Lit-/407050754390
407050736310,6a4aa37fd22a6109c6bb0bae,Carriers & Totes,0,70,66,1,"Texsens Pet Carrier Backpack with Window Blind for Small Cats Dogs, Ve",Texsens Pet Carrier Backpack with Window Blind for Small Cats Dogs,https://www.ebay.com/itm/Pet-Carrier-Backpack-Window-Blind-Small-Cats-Dogs-Ventilated-Design-S-/407050736310
407050729534,6a4aa257d952eba3666d2ad4,Blankets & Throws,0,70,69,1,"Bare Home Sherpa Fleece Blanket - Throw/Travel Size - Blanket for Bed,",Bare Home Sherpa Fleece Blanket - Throw/Travel Size - Blanket for Bed,https://www.ebay.com/itm/Sherpa-Fleece-Blanket-Throw-Travel-Size-Blanket-Bed-Sofa-and-Couch-W-/407050729534
407050719890,6a4aa02dc16d5c055e099ac3,Other Travel Accessories,0,70,68,1,"Convenience Kits International Men's Deluxe, 9-Piece Kit with Travel S","Convenience Kits International Men's Deluxe, 9-Piece Kit with Travel",https://www.ebay.com/itm/Convenience-Kits-International-Mens-Deluxe-9-Piece-Kit-Travel-S-/407050719890
407050713360,6a4a9f9c73490fda4309a0da,Makeup Bags & Cases,0,70,67,1,"Soimeat Travel Clear Makeup Bag with Makeup Brush Bag, Leather Make up","Soimeat Travel Clear Makeup Bag with Makeup Brush Bag, Leather Make",https://www.ebay.com/itm/Soimeat-Travel-Clear-Makeup-Bag-Makeup-Brush-Bag-Leather-Make-up-/407050713360
407050704364,6a4a9dd2ca943c883c099c69,Blankets & Throws,0,70,69,1,"Chunky Knit Throw Blanket 48""*71"", Hand Knitted Warm Chenille Blanket,","Chunky Knit Throw Blanket 48""*71"", Hand Knitted Warm Chenille Blanket",https://www.ebay.com/itm/Chunky-Knit-Throw-Blanket-48-71-Hand-Knitted-Warm-Chenille-Blanket-/407050704364
407050617799,6a4a9d84d952eba3666d2a7d,Saddles & Seats,0,70,67,1,"Wittkop Bike Seat I Bicycle Seat for Men and Women, Waterproof Bike Sa","Wittkop Bike Seat I Bicycle Seat for Men and Women, Waterproof Bike",https://www.ebay.com/itm/Wittkop-Bike-Seat-Bicycle-Seat-Men-and-Women-Waterproof-Bike-Sa-/407050617799
407050327963,6a4a6dc7ca943c883c099b3f,Nail Practice & Display,0,70,67,1,Benbilry 6 Tiers Acrylic Nail Polish Organizer 72 Bottles Essential Oi,Benbilry 6 Tiers Acrylic Nail Polish Organizer 72 Bottles Essential,https://www.ebay.com/itm/6-Tiers-Acrylic-Nail-Polish-Organizer-72-Bottles-Essential-Oil-Stand-Clear-Holde-/407050327963
407050048799,6a4a5ddcd2b3f004c616f450,Beds,0,70,68,1,"Gigreinc Dog Bed for Small Dogs - Cute Pink Leopard Dog Bed,Cat Beds f","Gigreinc Dog Bed for Small Dogs - Cute Pink Leopard Dog Bed,Cat Beds",https://www.ebay.com/itm/Gigreinc-Dog-Bed-Small-Dogs-Cute-Pink-Leopard-Dog-Bed-Cat-Beds-f-/407050048799
407049725836,6a4a2e33d2b3f004c616f15b,Tables,0,70,63,1,"Elbourn Folding Side Table End Couch Tables, C-Shaped End Table for Li","Elbourn Folding Side Table End Couch Tables, C-Shaped End Table",https://www.ebay.com/itm/Elbourn-Folding-Side-Table-End-Couch-Tables-C-Shaped-End-Table-Li-/407049725836
407049716421,6a4a2c89bbbd1455cefa5840,Mouse Pads & Wrist Rests,0,70,67,1,3XL Huge Mouse Pads Oversized (48''x24'') - Extra Large Gaming XXXL Mo,3XL Huge Mouse Pads Oversized (48''x24'') - Extra Large Gaming XXXL,https://www.ebay.com/itm/3XL-Huge-Mouse-Pads-Oversized-48x24-Extra-Large-Gaming-XXXL-Mo-/407049716421
407049703534,6a4a2a96d2b3f004c616f12d,Car Seat Covers,0,70,66,1,"Honest Dog Car Seat Covers, Dog seat Cover with Side Flap for Cars, Tr","Honest Dog Car Seat Covers, Dog seat Cover with Side Flap for Cars",https://www.ebay.com/itm/Honest-Dog-Car-Seat-Covers-Dog-seat-Cover-Side-Flap-Cars-Tr-/407049703534
407049528848,6a4a0fa96e42399afefa563f,Accessories,0,70,68,1,"Suspenz Folding Kayak Stand, Small Portable Racks for Kayaks, Canoes &","Suspenz Folding Kayak Stand, Small Portable Racks for Kayaks, Canoes",https://www.ebay.com/itm/Suspenz-Folding-Kayak-Stand-Small-Portable-Racks-Kayaks-Canoes-/407049528848
407049525837,6a4a0eb5d22a6109c6bb025f,Car Seat Accessories,0,70,67,1,reperkid Car Seat Travel Bag – Easy To Carry Baby Seat Cover – Baby Tr,reperkid Car Seat Travel Bag – Easy To Carry Baby Seat Cover – Baby,https://www.ebay.com/itm/reperkid-Car-Seat-Travel-Bag-Easy-Carry-Baby-Seat-Cover-Baby-Tr-/407049525837
407049505513,6a4a0ce0d22a6109c6bb0243,Leashes & Head Collars,0,70,67,1,"The Buddy System Hands Free Dog Leash, Adjustable Leash for Running, J","The Buddy System Hands Free Dog Leash, Adjustable Leash for Running",https://www.ebay.com/itm/Buddy-System-Hands-Free-Dog-Leash-Adjustable-Leash-Running-J-/407049505513
407049498944,6a4a0b9e7d7628dc88347cbe,Resistance Trainers,0,70,67,1,"Resistance Bands with Handle Set - for Men and Women, Workout Bands fo","Resistance Bands with Handle Set - for Men and Women, Workout Bands",https://www.ebay.com/itm/Resistance-Bands-Handle-Set-Men-and-Women-Workout-Bands-fo-/407049498944
407049364914,6a49f1dcf8d26d65043473a0,Blankets,0,70,68,1,"furrybaby Premium Fluffy Fleece Dog Blanket, Soft and Warm Pet Throw f","furrybaby Premium Fluffy Fleece Dog Blanket, Soft and Warm Pet Throw",https://www.ebay.com/itm/furrybaby-Premium-Fluffy-Fleece-Dog-Blanket-Soft-and-Warm-Pet-Throw-f-/407049364914
407049354336,6a49ef7b36e53c566c4dbce1,Toilet Paper Holders & Storage,0,70,67,1,Comfify Rust Brown Cast Iron Octopus Toilet Paper Holder – Nautical Ca,Comfify Rust Brown Cast Iron Octopus Toilet Paper Holder – Nautical,https://www.ebay.com/itm/Comfify-Rust-Brown-Cast-Iron-Octopus-Toilet-Paper-Holder-Nautical-Ca-/407049354336
407048568819,6a495d8f7ee40bbf377a3f9b,Jewelry Tools & Workbenches,0,70,67,1,"Fuzion Digital Gram Scale, TU-X 200g/0.01g Pocket Herb Scale with 6 Un","Fuzion Digital Gram Scale, TU-X 200g/0.01g Pocket Herb Scale with 6",https://www.ebay.com/itm/Fuzion-Digital-Gram-Scale-TU-X-200g-0-01g-Pocket-Herb-Scale-6-Un-/407048568819
407048562480,6a495d23de83ffc75ca967ed,Moisturizers,0,70,69,1,"The Honest Company Mama Hydrating and Soothing Glow On Body Belly Oil,",The Honest Company Mama Hydrating and Soothing Glow On Body Belly Oil,https://www.ebay.com/itm/Honest-Company-Mama-Hydrating-and-Soothing-Glow-Body-Belly-Oil-/407048562480
407047975874,6a4904d3d436b4eb2cb34452,"Jewelry Boxes, Organizers & Packaging",0,70,67,1,"Stratalife 40 Grid Jewelry Organizer Tray, Stackable Drawer Earring Or","Stratalife 40 Grid Jewelry Organizer Tray, Stackable Drawer Earring",https://www.ebay.com/itm/Stratalife-40-Grid-Jewelry-Organizer-Tray-Stackable-Drawer-Earring-/407047975874
407047961161,6a4903b7ae728cb530a6a981,Pooper Scoopers & Bags,0,70,67,1,"Cat Litter Waste Poop Bags - XL, Cornstarch, Thick Pet/Dog Poo Bags wi","Cat Litter Waste Poop Bags - XL, Cornstarch, Thick Pet/Dog Poo Bags",https://www.ebay.com/itm/Cat-Litter-Waste-Poop-Bags-XL-Cornstarch-Thick-Pet-Dog-Poo-Bags-wi-/407047961161
407047958611,6a4902bed436b4eb2cb34447,Trays,0,70,66,1,"Sooyee Decorative Gold Mirror Tray with Handle for Bathroom Vanity, De",Sooyee Decorative Gold Mirror Tray with Handle for Bathroom Vanity,https://www.ebay.com/itm/Sooyee-Decorative-Gold-Mirror-Tray-Handle-Bathroom-Vanity-/407047958611
407047955415,6a490277afe21dc7d7a6971d,Golf Club Bags,0,70,66,1,"Mythinglogic Golf Storage Garage Organizer, Golf Bag Storage Stand and","Mythinglogic Golf Storage Garage Organizer, Golf Bag Storage Stand",https://www.ebay.com/itm/Mythinglogic-Golf-Storage-Garage-Organizer-Golf-Bag-Storage-Stand-and-/407047955415
407047937918,6a490138581a35bf05568deb,Cleaning Products,0,70,67,1,"anngrowy 62"" Microfiber Car Wash Brush with Long Handle Car Washing Mo","anngrowy 62"" Microfiber Car Wash Brush with Long Handle Car Washing",https://www.ebay.com/itm/anngrowy-62-Microfiber-Car-Wash-Brush-Long-Handle-Car-Washing-Mo-/407047937918
407047926386,6a4900aa6ecc4e3d22a6b3bf,Wind Chimes,0,70,67,1,"Astarin Wind Chimes Outdoor Deep Tone, Memorial Wind Chimes Outdoor, G","Astarin Wind Chimes Outdoor Deep Tone, Memorial Wind Chimes Outdoor",https://www.ebay.com/itm/Astarin-Wind-Chimes-Outdoor-Deep-Tone-Memorial-Wind-Chimes-Outdoor-G-/407047926386
407047896999,6a48fe08772912941d669221,Bathtub Caddies & Trays,0,70,67,1,Premium Bathtub Tray Caddy - Bath Tray Bamboo Expandable - Bath Tub Tr,Premium Bathtub Tray Caddy - Bath Tray Bamboo Expandable - Bath Tub,https://www.ebay.com/itm/Premium-Bathtub-Tray-Caddy-Bath-Tray-Bamboo-Expandable-Bath-Tub-Tr-/407047896999
407047787435,6a48ecd6afe21dc7d7a69575,Placemats,0,70,69,1,"Bamboo Placemats Set of 4, Heat Resistant Place Mats for Dining Table,","Bamboo Placemats Set of 4, Heat Resistant Place Mats for Dining Table",https://www.ebay.com/itm/Bamboo-Placemats-Set-4-Heat-Resistant-Place-Mats-Dining-Table-/407047787435
407047766343,6a48eaeb772912941d6691c4,Makeup Bags & Cases,0,70,63,1,Small Clear Travel Packing Cube / See Through PVC Plastic Pouch for Ca,Small Clear Travel Packing Cube / See Through PVC Plastic Pouch,https://www.ebay.com/itm/Small-Clear-Travel-Packing-Cube-See-Through-PVC-Plastic-Pouch-Ca-/407047766343
407047749920,6a48e93cf1b99cb1a3669619,Tumblers & Toothbrush Holders,0,70,68,1,"Luxspire Electric Toothbrush Holder, 3 Slots Large Marble Toothbrush T","Luxspire Electric Toothbrush Holder, 3 Slots Large Marble Toothbrush",https://www.ebay.com/itm/Luxspire-Electric-Toothbrush-Holder-3-Slots-Large-Marble-Toothbrush-T-/407047749920
407047735625,6a48e8d205ffd0be33b3455e,Door Knobs & Levers,0,70,67,1,"5 Pack Matte Black Door Handles Privacy Door Levers, Heavy Duty Bed an","5 Pack Matte Black Door Handles Privacy Door Levers, Heavy Duty Bed",https://www.ebay.com/itm/5-Pack-Matte-Black-Door-Handles-Privacy-Door-Levers-Heavy-Duty-Bed-/407047735625
407047699707,6a48e70b6ecc4e3d22a6b223,Bath Brushes & Sponges,0,70,67,1,The Man Scrub Box - Complete Shower Scrubber Set for Men | Complete fa,The Man Scrub Box - Complete Shower Scrubber Set for Men | Complete,https://www.ebay.com/itm/Man-Scrub-Box-Complete-Shower-Scrubber-Set-Men-Complete-fa-/407047699707
407047695858,6a48e6e205ffd0be33b34543,Tiling Accessories,0,70,68,1,Hemway Silver Glitter Grout Additive 100g Metallic Flakes for Adding S,Hemway Silver Glitter Grout Additive 100g Metallic Flakes for Adding,https://www.ebay.com/itm/Hemway-Silver-Glitter-Grout-Additive-100g-Metallic-Flakes-Adding-S-/407047695858
407047444239,6a48beba6ecc4e3d22a6afd6,Luggage,0,70,67,1,"Lumesner Carry on Travel Backpacks, Extra Large 40L Flight Approved Ba","Lumesner Carry on Travel Backpacks, Extra Large 40L Flight Approved",https://www.ebay.com/itm/Carry-Travel-Backpacks-Extra-Large-40L-Flight-Approved-Bag-Men-Women-E-/407047444239
407047367826,6a48b2c12959da574c5681e7,Harnesses,0,70,67,1,"Neewa Sled Pro Harness, Dog Pulling Harness, Husky Harness, Mushing Ha","Neewa Sled Pro Harness, Dog Pulling Harness, Husky Harness, Mushing",https://www.ebay.com/itm/Neewa-Sled-Pro-Harness-Dog-Pulling-Harness-Husky-Harness-Mushing-Ha-/407047367826
407047340249,6a48ad426ecc4e3d22a6aef8,Bird Feeders,0,70,66,1,"Aspects HummZinger HighView 12 Oz Hanging Hummingbird Feeder - 429, Re",Aspects HummZinger HighView 12 Oz Hanging Hummingbird Feeder - 429,https://www.ebay.com/itm/Aspects-HummZinger-HighView-12-Oz-Hanging-Hummingbird-Feeder-429-Re-/407047340249
407047316122,6a48a957772912941d669040,Storage Bags,0,70,67,1,"TidyCorner 2-Pack Under Bed Storage Containers, 4.5 Inches Tall Low Pr","TidyCorner 2-Pack Under Bed Storage Containers, 4.5 Inches Tall Low",https://www.ebay.com/itm/2-Pack-under-Bed-Storage-Containers-4-5-Inches-Tall-Low-Profile-Underbed-Clothe-/407047316122
407047242954,6a489e82afe21dc7d7a690e3,Disposable Gloves,0,70,69,1,"Schneider Medical Nitrile Exam Gloves, 4 mil, Powder-Free, Latex-Free,","Schneider Medical Nitrile Exam Gloves, 4 mil, Powder-Free, Latex-Free",https://www.ebay.com/itm/Schneider-Medical-Nitrile-Exam-Gloves-4-mil-Powder-Free-Latex-Free-/407047242954
407047218998,6a4898be581a35bf055687a7,Toy Boxes,0,70,64,1,Humble Crew Toy Storage Organizer with 16 Removable Storage Bins for K,Humble Crew Toy Storage Organizer with 16 Removable Storage Bins,https://www.ebay.com/itm/Toy-Storage-Organizer-16-Removable-Storage-Bins-Kids-Playroom-4-Tier-T-/407047218998
407047163632,6a488a75772912941d668fbf,Fryers,0,70,67,1,"Air Fryer Accessories 11PCS, Fit all 3.7QT-4.0-5.8QT Power Deep Hot Ai","Air Fryer Accessories 11PCS, Fit all 3.7QT-4.0-5.8QT Power Deep Hot",https://www.ebay.com/itm/Air-Fryer-Accessories-11PCS-Fit-all-3-7QT-4-0-5-8QT-Power-Deep-Hot-Ai-/407047163632
407047158386,6a4889e5007c211a260a2b29,Clothes Hangers,0,70,66,1,"Sharpty Kids Plastic Hangers, Children's Hangers for Baby, Toddler, an","Sharpty Kids Plastic Hangers, Children's Hangers for Baby, Toddler",https://www.ebay.com/itm/Sharpty-Kids-Plastic-Hangers-Childrens-Hangers-Baby-Toddler-/407047158386
407047143246,6a488880afe21dc7d7a68fc0,Storage Bins & Baskets,0,70,67,1,"StorageWorks Large Water Hyacinth Tray for Bathroom, Wicker Storage Ba","StorageWorks Large Water Hyacinth Tray for Bathroom, Wicker Storage",https://www.ebay.com/itm/StorageWorks-Large-Water-Hyacinth-Tray-Bathroom-Wicker-Storage-Ba-/407047143246
407047141952,6a48885be119693e2e0a2487,Makeup Bags & Cases,0,70,68,1,"Sumnacon Toiletry Bags, Unisex PU Leather Waterproof Travel Toiletry B","Sumnacon Toiletry Bags, Unisex PU Leather Waterproof Travel Toiletry",https://www.ebay.com/itm/Sumnacon-Toiletry-Bags-Unisex-PU-Leather-Waterproof-Travel-Toiletry-B-/407047141952
407044881220,6a473ff435e77f14f19818e2,Tables,0,70,67,1,Rool Coffee Table Decor Book Shelf Decor Accents Home Decor Console Ta,Rool Coffee Table Decor Book Shelf Decor Accents Home Decor Console,https://www.ebay.com/itm/Rool-Coffee-Table-Decor-Book-Shelf-Decor-Accents-Home-Decor-Console-Ta-/407044881220
407044766073,6a47305f7572cffbb3bbd43f,Shoe Organizers,0,70,68,1,MISSLO 30 Large Pockets Dual Sided Hanging Shoe Organizer for Closet w,MISSLO 30 Large Pockets Dual Sided Hanging Shoe Organizer for Closet,https://www.ebay.com/itm/MISSLO-30-Large-Pockets-Dual-Sided-Hanging-Shoe-Organizer-Closet-w-/407044766073
407044763620,6a472ff135e77f14f1981817,"Dishes, Feeders & Fountains",0,70,67,1,VANNON 2 Pack Slow Feeder Dog Bowls Non Slip Puppy Bowl Durable Dog Pu,VANNON 2 Pack Slow Feeder Dog Bowls Non Slip Puppy Bowl Durable Dog,https://www.ebay.com/itm/VANNON-2-Pack-Slow-Feeder-Dog-Bowls-Non-Slip-Puppy-Bowl-Durable-Dog-Pu-/407044763620
407038800124,6a4439a95c665f5b328b688c,Salt & Pepper,0,70,65,1,KSL Gravity Electric Salt and Pepper Grinder Set - Christmas Gift - Ad,KSL Gravity Electric Salt and Pepper Grinder Set - Christmas Gift,https://www.ebay.com/itm/KSL-Gravity-Electric-Salt-and-Pepper-Grinder-Set-Christmas-Gift-Ad-/407038800124
407036142394,6a42ab9b48f797c7d4aa2728,Food Storage Containers,0,70,67,1,Fridge Organizer - 14 Piece Refrigerator Organizer Bins - Stackable Fr,Fridge Organizer - 14 Piece Refrigerator Organizer Bins - Stackable,https://www.ebay.com/itm/Fridge-Organizer-14-Piece-Refrigerator-Organizer-Bins-Stackable-Fr-/407036142394
407036141190,6a42ab59e4fdb59427aa2a77,Storage Bags,0,70,68,1,Jalousie 3 Pack Extra Large Heavy Duty Storage Bags Moving Bag Totes S,Jalousie 3 Pack Extra Large Heavy Duty Storage Bags Moving Bag Totes,https://www.ebay.com/itm/Jalousie-3-Pack-Extra-Large-Heavy-Duty-Storage-Bags-Moving-Bag-Totes-S-/407036141190
407036120617,6a42a8f5f6cef24f06a28de3,Party Decorations,0,70,66,1,697 Piece Blue Elephant Baby Shower Decorations for Boy Kit - It's a B,697 Piece Blue Elephant Baby Shower Decorations for Boy Kit - It's,https://www.ebay.com/itm/697-Piece-Blue-Elephant-Baby-Shower-Decorations-Boy-Kit-Its-B-/407036120617
407036063999,6a42a1701cb85fdf1cd7c2d5,Beds,0,70,67,1,Small Calming Dogs Bed for Small Dogs Anti-Anxiety Machine Washable Fl,Small Calming Dogs Bed for Small Dogs Anti-Anxiety Machine Washable,https://www.ebay.com/itm/Small-Calming-Dogs-Bed-Small-Dogs-Anti-Anxiety-Machine-Washable-Fl-/407036063999
407069487031,6a54b84aa60b1e85d8b1f55f,Soap Dishes & Dispensers,0,69,67,1,Soap Dispenser for Kitchen Sink Built in Sink Soap Dispenser Lotion D,Soap Dispenser for Kitchen Sink Built in Sink Soap Dispenser Lotion,https://www.ebay.com/itm/Soap-Dispenser-Kitchen-Sink-Built-Sink-Soap-Dispenser-Lotion-D-/407069487031
407053210791,6a4bde6c3f5e5a03e5e56ca9,Mugs,0,69,64,1,"C M The Dog is Home Stemless Wine Glass, Style D1 | 17 oz, Funny, For","C M The Dog is Home Stemless Wine Glass, Style D1 | 17 oz, Funny",https://www.ebay.com/itm/C-M-Dog-Home-Stemless-Wine-Glass-Style-D1-17-oz-Funny-/407053210791
407053133345,6a4bd8c93f5e5a03e5e56c3e,Developmental Baby Toys,0,69,65,1,"Koty Car Seat Toys, Infant Baby Spiral Plush Activity Hanging Toy for","Koty Car Seat Toys, Infant Baby Spiral Plush Activity Hanging Toy",https://www.ebay.com/itm/Koty-Car-Seat-Toys-Infant-Baby-Spiral-Plush-Activity-Hanging-Toy-/407053133345
407052977655,6a4bc40e8fdba3ebd3ba6090,Pillows,0,69,68,1,"decorUhome Summer Decorative Boho Throw Pillow Covers 20x20 Set of 2,",decorUhome Summer Decorative Boho Throw Pillow Covers 20x20 Set of 2,https://www.ebay.com/itm/decorUhome-Summer-Decorative-Boho-Throw-Pillow-Covers-20x20-Set-2-/407052977655
407052359640,6a4b995fc99afc626e48c814,Duvet Covers & Sets,0,69,67,1,Bare Home Microfiber Duvet Cover Set - Ultra Soft Washed Microfiber -,Bare Home Microfiber Duvet Cover Set - Ultra Soft Washed Microfiber,https://www.ebay.com/itm/Bare-Home-Microfiber-Duvet-Cover-Set-Ultra-Soft-Washed-Microfiber-/407052359640
407052004634,6a4b6e26646763a2b4cdf8d7,Bookcases & Shelving,0,69,68,1,"20 Pack 12 Inch Heavy Duty Black Iron Metal Floating Shelves Bracket,",20 Pack 12 Inch Heavy Duty Black Iron Metal Floating Shelves Bracket,https://www.ebay.com/itm/20-Pack-12-Inch-Heavy-Duty-Black-Iron-Metal-Floating-Shelves-Bracket-/407052004634
407051364019,6a4b0d92d22a6109c6bb1131,Garbage Disposal Parts,0,69,68,1,"Sink Top Air Switch Kit Garbage Disposal Part by CLEESINK (LONG/3.5"",","Sink Top Air Switch Kit Garbage Disposal Part by CLEESINK (LONG/3.5""",https://www.ebay.com/itm/Sink-Top-Air-Switch-Kit-Garbage-Disposal-Part-LONG-3-5-White-/407051364019
407051336173,6a4b09c3656642f82abb071d,Posters & Prints,0,69,65,1,Mofutinpo Wall Art Vintage Flowers Pattern Canvas Prints Pictures for,Mofutinpo Wall Art Vintage Flowers Pattern Canvas Prints Pictures,https://www.ebay.com/itm/Mofutinpo-Wall-Art-Vintage-Flowers-Pattern-Canvas-Prints-Pictures-/407051336173
407051330553,6a4b09935ec0f5d4f116f44b,Centerpieces & Table Décor,0,69,68,1,"Wedding Centerpieces for Tables - Gold Flower Vases for Centerpieces,",Wedding Centerpieces for Tables - Gold Flower Vases for Centerpieces,https://www.ebay.com/itm/Wedding-Centerpieces-Tables-Gold-Flower-Vases-Centerpieces-/407051330553
407051298738,6a4b07d6338473fe3bb447ea,Plaques & Signs,0,69,68,1,"Interchangeable Welcome Sign for Front Door with 14 Changeable Icons,",Interchangeable Welcome Sign for Front Door with 14 Changeable Icons,https://www.ebay.com/itm/Interchangeable-Welcome-Sign-Front-Door-14-Changeable-Icons-/407051298738
407051294294,6a4b069998bd0c6ebe46ff70,Plaques & Signs,0,69,68,1,"Interchangeable Welcome Sign for Front Door with 14 Changeable Icons,",Interchangeable Welcome Sign for Front Door with 14 Changeable Icons,https://www.ebay.com/itm/Interchangeable-Welcome-Sign-Front-Door-14-Changeable-Icons-/407051294294
407051239233,6a4b026c98bd0c6ebe46ff37,Bath Sets & Kits,0,69,68,1,"Birthday Gifts for Women, Unique Spa Gift Basket Set for Mothers Day,","Birthday Gifts for Women, Unique Spa Gift Basket Set for Mothers Day",https://www.ebay.com/itm/Birthday-Gifts-Women-Unique-Spa-Gift-Basket-Set-Mothers-Day-/407051239233
407051102890,6a4af645d22a6109c6bb1031,Bath Salts,0,69,67,1,"Dr Teal's Foaming Bath Variety Gift Set (2 Pack, 34oz ea.) - Soothe &","Dr Teal's Foaming Bath Variety Gift Set (2 Pack, 34oz ea.) - Soothe",https://www.ebay.com/itm/Dr-Teals-Foaming-Bath-Variety-Gift-Set-2-Pack-34oz-ea-Soothe-/407051102890
407050992252,6a4ae5ecd952eba3666d2edd,Bath Salts,0,69,65,1,Aromasong Dead Sea Bath Salt - 100% Pure & Natural Dead Sea Salts for,Aromasong Dead Sea Bath Salt - 100% Pure & Natural Dead Sea Salts,https://www.ebay.com/itm/Aromasong-Dead-Sea-Bath-Salt-100-Pure-Natural-Dead-Sea-Salts-/407050992252
407050865351,6a4ace94d8c3ffb1de6d28e5,Mugs,0,69,67,1,Comfify Pink Ceramic Donut Ring Coffee Mug – 14 oz – Microwave Safe |,Comfify Pink Ceramic Donut Ring Coffee Mug – 14 oz – Microwave Safe,https://www.ebay.com/itm/Comfify-Pink-Ceramic-Donut-Ring-Coffee-Mug-14-oz-Microwave-Safe-/407050865351
407050853802,6a4acc5c7d7628dc8834888a,Candles,0,69,64,1,Capri Blue Volcano Printed Travel Tin Jar Candle - Luxury Candle with,Capri Blue Volcano Printed Travel Tin Jar Candle - Luxury Candle,https://www.ebay.com/itm/Capri-Blue-Volcano-Printed-Travel-Tin-Jar-Candle-Luxury-Candle-/407050853802
407050442459,6a4a8d705ec0f5d4f116f225,Rotary Tools,0,69,68,1,"Rotary Tool Kit: DEKOPRO Power Hand Rotary Tools Mini for Wood/Metal,",Rotary Tool Kit: DEKOPRO Power Hand Rotary Tools Mini for Wood/Metal,https://www.ebay.com/itm/Rotary-Tool-Kit-DEKOPRO-Power-Hand-Rotary-Tools-Mini-Wood-Metal-/407050442459
407049750471,6a4a31d573490fda43099a51,Resistance Trainers,0,69,67,1,"Pull Up Bands, Resistance Bands Set, Exercise Workout Bands for Men &","Pull Up Bands, Resistance Bands Set, Exercise Workout Bands for Men",https://www.ebay.com/itm/Pull-Up-Bands-Resistance-Bands-Set-Exercise-Workout-Bands-Men-/407049750471
407049715309,6a4a2c647d7628dc88347e9e,Cages & Crates,0,69,66,1,"Feandrea 27.2"" Dog Crate Furniture, Indoor Dog Cage Side End Table, M","Feandrea 27.2"" Dog Crate Furniture, Indoor Dog Cage Side End Table",https://www.ebay.com/itm/Feandrea-27-2-Dog-Crate-Furniture-Indoor-Dog-Cage-Side-End-Table-M-/407049715309
407049524471,6a4a0e44bbbd1455cefa5693,Yarn,0,69,65,1,"Novodon Merino Wool Pressing Mat 22"" x 60"" 100% Wool Pressing Mat for","Novodon Merino Wool Pressing Mat 22"" x 60"" 100% Wool Pressing Mat",https://www.ebay.com/itm/Novodon-Merino-Wool-Pressing-Mat-22-x-60-100-Wool-Pressing-Mat-/407049524471
407049468168,6a4a0704d2b3f004c616ef5b,Curtains & Drapes,0,69,68,1,"Lush Decor Mid Century Geo Light Filtering Window Curtain Panel Pair,",Lush Decor Mid Century Geo Light Filtering Window Curtain Panel Pair,https://www.ebay.com/itm/Lush-Decor-Mid-Century-Geo-Light-Filtering-Window-Curtain-Panel-Pair-/407049468168
407049376047,6a49f41a99512666b3fbcbda,Dryers,0,69,64,1,"High Velocity Dog Grooming Dryer, Dog Blow Dryer, Pet Hair Dryer with","High Velocity Dog Grooming Dryer, Dog Blow Dryer, Pet Hair Dryer",https://www.ebay.com/itm/High-Velocity-Dog-Grooming-Dryer-Dog-Blow-Dryer-Pet-Hair-Dryer-/407049376047
407047916740,6a48ff00f1b99cb1a3669779,Bath Brushes & Sponges,0,69,67,1,Nevlers Natural Boar Bristle Dry Brush for Body Massage 5-Piece Set |,Nevlers Natural Boar Bristle Dry Brush for Body Massage 5-Piece Set,https://www.ebay.com/itm/Nevlers-Natural-Boar-Bristle-Dry-Brush-Body-Massage-5-Piece-Set-/407047916740
407047135873,6a4886b372af672cfe567ef2,Other Home Organization,0,69,66,1,Remote Control Holder Organizer Table Desk Leather Control Storage TV,Remote Control Holder Organizer Table Desk Leather Control Storage,https://www.ebay.com/itm/Remote-Control-Holder-Organizer-Table-Desk-Leather-Control-Storage-TV-/407047135873
407044902239,6a4746238caf82526d96a4e5,Toy Boxes,0,69,66,1,Foldable Large Kids Toy Chest with Flip-Top Lid Collapsible Fabric An,Foldable Large Kids Toy Chest with Flip-Top Lid Collapsible Fabric,https://www.ebay.com/itm/Foldable-Large-Kids-Toy-Chest-Flip-Top-Lid-Collapsible-Fabric-/407044902239
407044889019,6a47405fc3c0061dd5668f6c,Cooking Utensils,0,69,66,1,Culinary Couture Grey Silicone Kitchen Utensils Set of 6 Non-Stick He,Culinary Couture Grey Silicone Kitchen Utensils Set of 6 Non-Stick,https://www.ebay.com/itm/Culinary-Couture-Grey-Silicone-Kitchen-Utensils-Set-6-Non-Stick-He-/407044889019
407044866474,6a473e1fc3c0061dd5668f42,Cooking Utensils,0,69,66,1,Culinary Couture Blue Silicone Kitchen Utensils Set of 6 Non-Stick He,Culinary Couture Blue Silicone Kitchen Utensils Set of 6 Non-Stick,https://www.ebay.com/itm/Culinary-Couture-Blue-Silicone-Kitchen-Utensils-Set-6-Non-Stick-He-/407044866474
407044857538,6a473cb773c22faf6be83644,Coat & Hat Racks,0,69,66,1,Dofilachy Hat Organizer Racks for Baseball Caps Visible Hat Holder Ra,Dofilachy Hat Organizer Racks for Baseball Caps Visible Hat Holder,https://www.ebay.com/itm/Dofilachy-Hat-Organizer-Racks-Baseball-Caps-Visible-Hat-Holder-Ra-/407044857538
407044769471,6a4730a773462cd9d396a393,Other Stuffed Animals,0,69,67,1,Cat Stuffed Animals Soft Cat Plush Pillow Kitten Stuffed Animal Toy G,Cat Stuffed Animals Soft Cat Plush Pillow Kitten Stuffed Animal Toy,https://www.ebay.com/itm/Cat-Stuffed-Animals-Soft-Cat-Plush-Pillow-Kitten-Stuffed-Animal-Toy-G-/407044769471
407044751273,6a472e6cf41a2fe7cec5b218,Shoe Organizers,0,69,66,1,2 Pack Extra Large Hanging Crystal Clear Over Door Shoe Organizers Cl,2 Pack Extra Large Hanging Crystal Clear Over Door Shoe Organizers,https://www.ebay.com/itm/2-Pack-Extra-Large-Hanging-Crystal-Clear-Over-Door-Shoe-Organizers-Cl-/407044751273
407044741575,6a472d676800e499c6e83563,Toilet Paper Holders & Storage,0,69,61,1,LONBET Toilet Paper Storage for 12 Rolls Stackable & Foldable - The U,LONBET Toilet Paper Storage for 12 Rolls Stackable & Foldable,https://www.ebay.com/itm/LONBET-Toilet-Paper-Storage-12-Rolls-Stackable-Foldable-U-/407044741575
407038854476,6a443a376c46039d7fc975e9,Landscape & Walkway Lights,0,69,67,1,Solar Outdoor Lights Decorative 12 Pack Hanging Solar Garden Lights W,Solar Outdoor Lights Decorative 12 Pack Hanging Solar Garden Lights,https://www.ebay.com/itm/Solar-Outdoor-Lights-Decorative-12-Pack-Hanging-Solar-Garden-Lights-W-/407038854476
407036123938,6a42a919a3dce258846ff380,Bathtub Caddies & Trays,0,69,66,1,YASONIC Shower Caddy Adhesive Rustproof Shower Organizer with Soap Ho,YASONIC Shower Caddy Adhesive Rustproof Shower Organizer with Soap,https://www.ebay.com/itm/YASONIC-Shower-Caddy-Adhesive-Rustproof-Shower-Organizer-Soap-Ho-/407036123938
407036065392,6a42a1e1a3dce258846ff31f,"Dishes, Feeders & Fountains",0,69,66,1,Cat Fountain Filter Replacement Cat Water Filters with Three Stage Fi,Cat Fountain Filter Replacement Cat Water Filters with Three Stage,https://www.ebay.com/itm/Cat-Fountain-Filter-Replacement-Cat-Water-Filters-Three-Stage-Fi-/407036065392
407036021320,6a429e3bf6cef24f06a28d49,Christmas Trees,0,69,67,1,Vanthylit White Birch Tree with LED Lights - Set of 2 Tabletop Tree w,Vanthylit White Birch Tree with LED Lights - Set of 2 Tabletop Tree,https://www.ebay.com/itm/Vanthylit-White-Birch-Tree-LED-Lights-Set-2-Tabletop-Tree-w-/407036021320
407036016508,6a429e18a3dce258846ff2dd,Beds,0,69,65,1,MidWest Homes for Pets Dog Bed - Gray Faux Fur Bolster Ultra-Soft and,MidWest Homes for Pets Dog Bed - Gray Faux Fur Bolster Ultra-Soft,https://www.ebay.com/itm/MidWest-Homes-Pets-Dog-Bed-Gray-Faux-Fur-Bolster-Ultra-Soft-and-/407036016508
407035970434,6a4297e4e4fdb59427aa293e,Corkscrews & Openers,0,69,61,1,Secura Electric Wine Opener Automatic Bottle Corkscrew Opener with Fo,Secura Electric Wine Opener Automatic Bottle Corkscrew Opener,https://www.ebay.com/itm/Secura-Electric-Wine-Opener-Automatic-Bottle-Corkscrew-Opener-Fo-/407035970434
407080663459,6a54b74a66e0a686d8a2d325,Food Storage Containers,0,68,66,1,40 Piece Food Storage Containers with Lids 20 Containers & 20 Lids B,40 Piece Food Storage Containers with Lids 20 Containers & 20 Lids,https://www.ebay.com/itm/40-Piece-Food-Storage-Containers-Lids-20-Containers-20-Lids-B-/407080663459
407044886131,6a47403b8caf82526d96a495,Canisters & Jars,0,68,66,1,ComSaf Airtight Glass Storage Canister with Lids 0.7Qt/1.2Qt/1.6Qt S,ComSaf Airtight Glass Storage Canister with Lids 0.7Qt/1.2Qt/1.6Qt,https://www.ebay.com/itm/ComSaf-Airtight-Glass-Storage-Canister-Lids-0-7Qt-1-2Qt-1-6Qt-S-/407044886131
407044852435,6a473c03c3c0061dd5668f1c,Bathtub Caddies & Trays,0,68,64,1,Shower Caddy Adhesive Shower Organizer with Hooks Shower Shelves for,Shower Caddy Adhesive Shower Organizer with Hooks Shower Shelves,https://www.ebay.com/itm/Shower-Caddy-Adhesive-Shower-Organizer-Hooks-Shower-Shelves-/407044852435
407036059654,6a42a1520661086b08d9611f,Bed & Waterbed Accessories,0,68,66,1,Bed Risers 5 Inch Heavy Duty Square Furniture Frame Lift for Couch C,Bed Risers 5 Inch Heavy Duty Square Furniture Frame Lift for Couch,https://www.ebay.com/itm/Bed-Risers-5-Inch-Heavy-Duty-Square-Furniture-Frame-Lift-Couch-C-/407036059654
407035955583,6a4295c848f797c7d4aa26b7,Storage Units,0,67,64,1,Nifty Tea Bag Spinning Carousel 6 Compartments Up to 60 Tea Bags St,Nifty Tea Bag Spinning Carousel 6 Compartments Up to 60 Tea Bags,https://www.ebay.com/itm/Nifty-Tea-Bag-Spinning-Carousel-6-Compartments-Up-60-Tea-Bags-St-/407035955583
407033931027,6a4188dd93dc0a80b92a41d8,Food Storage Containers,0,67,64,1,Prokeeper 1 Quart Airtight Powdered Sugar Storage Container Grey Bp,Prokeeper 1 Quart Airtight Powdered Sugar Storage Container Grey,https://www.ebay.com/itm/Prokeeper-1-Quart-Airtight-Powdered-Sugar-Storage-Container-Grey-Bp-/407033931027
407063179858,6a504e36b32eef4ec9380a16,"Brushes, Combs & Rakes",0,66,59,1,SHOW Mixed Styles Pet Cat Puppy Topknot Small Dog Hair Bows with R,SHOW Mixed Styles Pet Cat Puppy Topknot Small Dog Hair Bows,https://www.ebay.com/itm/SHOW-Mixed-Styles-Pet-Cat-Puppy-Topknot-Small-Dog-Hair-Bows-R-/407063179858
407051357854,6a4b0bdf338473fe3bb44800,Developmental Baby Toys,0,66,63,1,"Life Wooden Puzzles for Toddlers 2-4, Montessori Toys for 1 2 3 Ye","Life Wooden Puzzles for Toddlers 2-4, Montessori Toys for 1 2 3",https://www.ebay.com/itm/Life-Wooden-Puzzles-Toddlers-2-4-Montessori-Toys-1-2-3-Ye-/407051357854
407051312578,6a4b07e359c194e06346fe9e,TV Stands & Mounts,0,66,64,1,"Mount UL Listed TV Mount Low Profile for Most 26-60"" Flat Screen L","Mount UL Listed TV Mount Low Profile for Most 26-60"" Flat Screen",https://www.ebay.com/itm/Mount-UL-Listed-TV-Mount-Low-Profile-Most-26-60-Flat-Screen-L-/407051312578
407049713810,6a4a2bd6d2b3f004c616f142,Necklaces & Pendants,0,66,63,1,"Pet Products Pet Bed Warmer, Turn Any Pet Bed Into a Heated Cat or","Pet Products Pet Bed Warmer, Turn Any Pet Bed Into a Heated Cat",https://www.ebay.com/itm/Pet-Products-Pet-Bed-Warmer-Turn-Any-Pet-Bed-Into-Heated-Cat-/407049713810
407063126512,6a504c5e716cf69f47c9bb96,Accessories,0,65,63,1,Kayak Deck Rigging Kit 8 Feet Bungee Cord with Bungee Cord Ends H,Kayak Deck Rigging Kit 8 Feet Bungee Cord with Bungee Cord Ends,https://www.ebay.com/itm/Kayak-Deck-Rigging-Kit-8-Feet-Bungee-Cord-Bungee-Cord-Ends-H-/407063126512
407052891835,6a4bbf238fdba3ebd3ba6052,Leashes & Head Collars,0,65,63,1,5 FT Heavy Duty Double Handle Dog Leash with Comfortable Padded a,5 FT Heavy Duty Double Handle Dog Leash with Comfortable Padded,https://www.ebay.com/itm/5-FT-Heavy-Duty-Double-Handle-Dog-Leash-Comfortable-Padded-/407052891835
407052489785,6a4b9c2ce6e491c5ada3ea3c,Sanders,0,65,64,1,"Global Wooden Handle Longboard Sander 10.75"" Long - Block Sander,","Global Wooden Handle Longboard Sander 10.75"" Long - Block Sander",https://www.ebay.com/itm/Global-Wooden-Handle-Longboard-Sander-10-75-Long-Block-Sander-/407052489785
407049521805,6a4a0dfcd22a6109c6bb0253,Massagers,0,65,63,1,Roller Stiff Peanut Massage Ball - High Density Peanut Massager -,Roller Stiff Peanut Massage Ball - High Density Peanut Massager,https://www.ebay.com/itm/Roller-Stiff-Peanut-Massage-Ball-High-Density-Peanut-Massager-/407049521805
407047155335,6a4889c2ae728cb530a6a742,Mixing Bowls,0,65,62,1,WITH COLOR Prep Bowls with Lids- Wide and Deep Nesting Plastic Sm,WITH COLOR Prep Bowls with Lids- Wide and Deep Nesting Plastic,https://www.ebay.com/itm/COLOR-Prep-Bowls-Lids-Wide-and-Deep-Nesting-Plastic-Sm-/407047155335
407047153180,6a48897b581a35bf055686e8,Mixing Bowls,0,65,62,1,WITH COLOR Prep Bowls with Lids- Wide and Deep Nesting Plastic Sm,WITH COLOR Prep Bowls with Lids- Wide and Deep Nesting Plastic,https://www.ebay.com/itm/COLOR-Prep-Bowls-Lids-Wide-and-Deep-Nesting-Plastic-Sm-/407047153180
407053179115,6a4bdc50e09c124f443b9b3b,Power Strips & Surge Protectors,0,64,61,1,"3 Outlet Desk Clamp Power Strip with USB Ports, Desktop Power St","3 Outlet Desk Clamp Power Strip with USB Ports, Desktop Power",https://www.ebay.com/itm/3-Outlet-Desk-Clamp-Power-Strip-USB-Ports-Desktop-Power-St-/407053179115
407051266534,6a4b049959c194e06346fe93,Filters,0,64,62,1,"Crystal Ball for Photography 3 Pack, Props Decoration, K9 Lens S","Crystal Ball for Photography 3 Pack, Props Decoration, K9 Lens",https://www.ebay.com/itm/Crystal-Ball-Photography-3-Pack-Props-Decoration-K9-Lens-S-/407051266534
407050050849,6a4a5e1d73490fda43099cc3,Beds,0,64,61,1,Washable Dog Bed Deluxe Plush Dog Crate Beds Comfy Kennel Pad An,Washable Dog Bed Deluxe Plush Dog Crate Beds Comfy Kennel Pad,https://www.ebay.com/itm/Washable-Dog-Bed-Deluxe-Plush-Dog-Crate-Beds-Comfy-Kennel-Pad-/407050050849
407047769319,6a48eb7a05ffd0be33b3457c,Trash Cans & Wastebaskets,0,64,60,1,"Metal Waste Basket for Home, Office, Bathroom, Dorm, Kitchen and","Metal Waste Basket for Home, Office, Bathroom, Dorm, Kitchen",https://www.ebay.com/itm/Metal-Waste-Basket-Home-Office-Bathroom-Dorm-Kitchen-and-/407047769319
407034027925,6a41a167eede52475171c9a0,Makeup Mirrors,0,64,62,1,Kintion Pocket Mirror 1X3X Magnification Compact Travel Makeup M,Kintion Pocket Mirror 1X3X Magnification Compact Travel Makeup,https://www.ebay.com/itm/Kintion-Pocket-Mirror-1X3X-Magnification-Compact-Travel-Makeup-M-/407034027925
407063142468,6a504cdcb32eef4ec9380a13,Candles,0,63,60,1,Lavender Scented Candles for Women - 20oz 3 Wick Soy Candles fo,Lavender Scented Candles for Women - 20oz 3 Wick Soy Candles,https://www.ebay.com/itm/Lavender-Scented-Candles-Women-20oz-3-Wick-Soy-Candles-fo-/407063142468
407062177829,6a5049b02fb1ada2f94946d7,Backpacks & Bags,0,63,61,1,Kids Backpack for School Girls Backpack Lunch Box Set Unicorn P,Kids Backpack for School Girls Backpack Lunch Box Set Unicorn,https://www.ebay.com/itm/Kids-Backpack-School-Girls-Backpack-Lunch-Box-Set-Unicorn-P-/407062177829
407059567849,6a4ed3fea3b13c894ef8b7cb,Tea & Infusions,0,63,59,1,Breakfast Tea Gift Set - 9 Loose Leaf Black Teas (90+ Cups) | E,Breakfast Tea Gift Set - 9 Loose Leaf Black Teas (90+ Cups),https://www.ebay.com/itm/Breakfast-Tea-Gift-Set-9-Loose-Leaf-Black-Teas-90-Cups-E-/407059567849
407052966663,6a4bc35b3f5e5a03e5e56a79,Lint Removers,0,63,62,1,"Fabric Shaver, Electric Lint Remover, Rechargeable Lint Shaver,","Fabric Shaver, Electric Lint Remover, Rechargeable Lint Shaver",https://www.ebay.com/itm/Fabric-Shaver-Electric-Lint-Remover-Rechargeable-Lint-Shaver-/407052966663
407052896925,6a4bbf463f5e5a03e5e56a3c,Dry Erase Boards,0,63,56,1,"Magnetic White Board Set, 2-Pack 8.5x11 Dry Erase Boards with M","Magnetic White Board Set, 2-Pack 8.5x11 Dry Erase Boards",https://www.ebay.com/itm/Magnetic-White-Board-Set-2-Pack-8-5x11-Dry-Erase-Boards-M-/407052896925
407052198798,6a4b84f404f4d68ad1b53010,Benches,0,63,60,1,"- The Original Yoga Headstand Bench, Vegan Handstand Trainer Be","- The Original Yoga Headstand Bench, Vegan Handstand Trainer",https://www.ebay.com/itm/Original-Yoga-Headstand-Bench-Vegan-Handstand-Trainer-/407052198798
407052012715,6a4b6f1e64b8113e3e754bc2,Rice Cookers,0,63,56,1,Twin Pressure Rice Cooker 6-Cup Uncooked / 12-Cup Cooked with N,Twin Pressure Rice Cooker 6-Cup Uncooked / 12-Cup Cooked,https://www.ebay.com/itm/Twin-Pressure-Rice-Cooker-6-Cup-Uncooked-12-Cup-Cooked-N-/407052012715
407051323695,6a4b099c98bd0c6ebe46ff88,Frames,0,63,61,1,"4x6 Rustic Picture Frames with Natural Bark Edges, Brown Wood P","4x6 Rustic Picture Frames with Natural Bark Edges, Brown Wood",https://www.ebay.com/itm/4x6-Rustic-Picture-Frames-Natural-Bark-Edges-Brown-Wood-P-/407051323695
407051316519,6a4b089dd2b3f004c616fe4e,Pillows,0,63,60,1,"Faux Fur Plush Decorative Throw Pillow Covers 18x18 Set of 4, B",Faux Fur Plush Decorative Throw Pillow Covers 18x18 Set of 4,https://www.ebay.com/itm/Faux-Fur-Plush-Decorative-Throw-Pillow-Covers-18x18-Set-4-B-/407051316519
407051236194,6a4b02497d7628dc88348ac4,Candles,0,63,56,1,Lavender Scented Candles for Women - Aromatherapy Candle with C,Lavender Scented Candles for Women - Aromatherapy Candle,https://www.ebay.com/itm/Lavender-Scented-Candles-Women-Aromatherapy-Candle-C-/407051236194
407051170339,6a4afe44f8d26d65043478ea,Home Office Desks,0,63,56,1,"Printer Stand, 2-Tier Industrial Under Desk Printer Cart with S","Printer Stand, 2-Tier Industrial Under Desk Printer Cart",https://www.ebay.com/itm/Printer-Stand-2-Tier-Industrial-Under-Desk-Printer-Cart-S-/407051170339
407050984634,6a4ae343d2b3f004c616fcb8,Cleaning Towels & Cloths,0,63,60,1,"Microfiber Cleaning Cloths Red (12 Pack, 12x12) - Commercial Ja","Microfiber Cleaning Cloths Red (12 Pack, 12x12) - Commercial",https://www.ebay.com/itm/Microfiber-Cleaning-Cloths-Red-12-Pack-12x12-Commercial-Ja-/407050984634
407050899822,6a4ad21073490fda4309a3c0,Posters & Prints,0,63,61,1,Art 4 Panels Canvas Wall Art Spring Summer Autumn Winter Four S,Art 4 Panels Canvas Wall Art Spring Summer Autumn Winter Four,https://www.ebay.com/itm/Art-4-Panels-Canvas-Wall-Art-Spring-Summer-Autumn-Winter-Four-S-/407050899822
407050890270,6a4ad1a6d2b3f004c616fc00,Kitchens,0,63,57,1,"Play Kitchen, Pink Kids Kitchen Set for Girls Kitchen Set for K","Play Kitchen, Pink Kids Kitchen Set for Girls Kitchen Set",https://www.ebay.com/itm/Play-Kitchen-Pink-Kids-Kitchen-Set-Girls-Kitchen-Set-K-/407050890270
407049717864,6a4a2ccf73490fda43099a19,Exercise Mats,0,63,61,1,"Large Exercise Mat 6'x4'/6'x5'/6'x6'(7mm), Thick Workout Mats f","Large Exercise Mat 6'x4'/6'x5'/6'x6'(7mm), Thick Workout Mats",https://www.ebay.com/itm/Large-Exercise-Mat-6x4-6x5-6x6-7mm-Thick-Workout-Mats-f-/407049717864
407049350881,6a49ee5bf8d26d6504347388,Blankets & Throws,0,63,60,1,"LUXE Chunky Knit Throw Blanket 50x70, Graphite Gray Chenille Th","LUXE Chunky Knit Throw Blanket 50x70, Graphite Gray Chenille",https://www.ebay.com/itm/LUXE-Chunky-Knit-Throw-Blanket-50x70-Graphite-Gray-Chenille-Th-/407049350881
407047365155,6a48b274afe21dc7d7a691f3,Paddles,0,63,58,1,Pro Carbon + Raptor Performance-Level Table Tennis Rackets with,Pro Carbon + Raptor Performance-Level Table Tennis Rackets,https://www.ebay.com/itm/Pro-Carbon-Raptor-Performance-Level-Table-Tennis-Rackets-/407047365155
407047332619,6a48ac22acc6e3c2df0a2224,Desk & Drawer Organizers,0,63,61,1,"Acrylic Pen Holder 3 Compartments, Clear Pencil Organizer Cup f","Acrylic Pen Holder 3 Compartments, Clear Pencil Organizer Cup",https://www.ebay.com/itm/Acrylic-Pen-Holder-3-Compartments-Clear-Pencil-Organizer-Cup-f-/407047332619
407033888072,6a4184621c4108494761a20e,Storage Bins & Baskets,0,63,60,1,Storage Basket Home Shelf Kids Organizer Box Clothes Laundry Ha,Storage Basket Home Shelf Kids Organizer Box Clothes Laundry,https://www.ebay.com/itm/Storage-Basket-Home-Shelf-Kids-Organizer-Box-Clothes-Laundry-Ha-/407033888072
407033639688,6a415be1eede52475171c591,Cleaning Gloves,0,63,61,1,Patelai 3 Pairs Microfiber Plant Dusting Gloves Leaf Cleaning F,Patelai 3 Pairs Microfiber Plant Dusting Gloves Leaf Cleaning,https://www.ebay.com/itm/Patelai-3-Pairs-Microfiber-Plant-Dusting-Gloves-Leaf-Cleaning-F-/407033639688
407052934230,6a4bc1ab00dd642a3ce6af30,Home Fragrance,0,62,60,1,"Essential Oil Diffuser for Home, 500ML Aromatherapy Diffuser H","Essential Oil Diffuser for Home, 500ML Aromatherapy Diffuser",https://www.ebay.com/itm/Essential-Oil-Diffuser-Home-500ML-Aromatherapy-Diffuser-H-/407052934230
407052264078,6a4b93eaa974b9edad7c64f0,Candles,0,62,59,1,12 Ivory Pillar Candles Bulk - 2.3 x 3 inch Candle Set - 17 Ho,12 Ivory Pillar Candles Bulk - 2.3 x 3 inch Candle Set - 17,https://www.ebay.com/itm/12-Ivory-Pillar-Candles-Bulk-2-3-x-3-inch-Candle-Set-17-Ho-/407052264078
407052220619,6a4b8637646763a2b4cdfaba,Exercise Balls,0,62,58,1,"Pilates Pregnancy Ball - Yoga Ball for Pregnancy with Book, Pr",Pilates Pregnancy Ball - Yoga Ball for Pregnancy with Book,https://www.ebay.com/itm/Pilates-Pregnancy-Ball-Yoga-Ball-Pregnancy-Book-Pr-/407052220619
407051453278,6a4b123e59c194e06346febb,Moisture & pH Meters,0,62,60,1,"Soil Test Kit, Unlock Your Lawn & Garden Potential, Complete &","Soil Test Kit, Unlock Your Lawn & Garden Potential, Complete",https://www.ebay.com/itm/Soil-Test-Kit-Unlock-Your-Lawn-Garden-Potential-Complete-/407051453278
407051285494,6a4b0677338473fe3bb447e6,Posters & Prints,0,62,59,1,Kitchen Wall Decor Canvas Art for Dining Room Vintage Theme Fr,Kitchen Wall Decor Canvas Art for Dining Room Vintage Theme,https://www.ebay.com/itm/Kitchen-Wall-Decor-Canvas-Art-Dining-Room-Vintage-Theme-Fr-/407051285494
407051135305,6a4af9c598bd0c6ebe46fece,Bath Sets & Kits,0,62,59,1,Luxury Spa Skincare Sandalwood Gift Set for Men | Mens Body Wa,Luxury Spa Skincare Sandalwood Gift Set for Men | Mens Body,https://www.ebay.com/itm/Luxury-Spa-Skincare-Sandalwood-Gift-Set-Men-Mens-Body-Wa-/407051135305
407051017351,6a4ae734d22a6109c6bb0f85,Shower Curtains,0,62,60,1,Waffle Weave Fabric Shower Curtain with Light-Filtering Mesh S,Waffle Weave Fabric Shower Curtain with Light-Filtering Mesh,https://www.ebay.com/itm/Waffle-Weave-Fabric-Shower-Curtain-Light-Filtering-Mesh-S-/407051017351
407050884997,6a4ad08a7d7628dc883488cf,Cooking Thermometers,0,62,55,1,"Digital Meat Thermometer Instant Read, Waterproof Probe with B","Digital Meat Thermometer Instant Read, Waterproof Probe",https://www.ebay.com/itm/Digital-Meat-Thermometer-Instant-Read-Waterproof-Probe-B-/407050884997
407050868898,6a4acedb7d7628dc883488b5,Brushes & Combs,0,62,61,1,"4pcs Car Detailing Brush Set,Boars Hair Car Detailing Brushes,","4pcs Car Detailing Brush Set,Boars Hair Car Detailing Brushes",https://www.ebay.com/itm/4pcs-Car-Detailing-Brush-Set-Boars-Hair-Car-Detailing-Brushes-/407050868898
407050792812,6a4abf9e73490fda4309a2b8,Lamps,0,62,59,1,"Floor Lamp with Shelves, Modern Square Standing Lamp with 3 Co","Floor Lamp with Shelves, Modern Square Standing Lamp with 3",https://www.ebay.com/itm/Floor-Lamp-Shelves-Modern-Square-Standing-Lamp-3-Co-/407050792812
407050770953,6a4abcf9656642f82abb0633,Lunch Containers,0,62,57,1,"Lunch Backpack for Men, 17 Inch Insulated Cooler Backpack with","Lunch Backpack for Men, 17 Inch Insulated Cooler Backpack",https://www.ebay.com/itm/Lunch-Backpack-Men-17-Inch-Insulated-Cooler-Backpack-/407050770953
407049769820,6a4a33a2bbbd1455cefa5895,Massagers,0,62,59,1,"3 in 1 304Stainless Steel Muscle Scraper Tools Set,Scraping Ma","3 in 1 304Stainless Steel Muscle Scraper Tools Set,Scraping",https://www.ebay.com/itm/3-1-304Stainless-Steel-Muscle-Scraper-Tools-Set-Scraping-Ma-/407049769820
407049523187,6a4a0e1f89d66f47732885aa,Sleep Masks,0,62,60,1,Cotton Sleep Eye Mask for Men - Upgrade Design Blackout Side S,Cotton Sleep Eye Mask for Men - Upgrade Design Blackout Side,https://www.ebay.com/itm/Cotton-Sleep-Eye-Mask-Men-Upgrade-Design-Blackout-Side-S-/407049523187
407049481091,6a4a0825d2b3f004c616ef64,Curtains & Drapes,0,62,60,1,Dinosaur and Star Foil Print Blackout Curtains for Kids Room -,Dinosaur and Star Foil Print Blackout Curtains for Kids Room,https://www.ebay.com/itm/Dinosaur-and-Star-Foil-Print-Blackout-Curtains-Kids-Room-/407049481091
407049473636,6a4a074cd22a6109c6bb0212,Blankets & Throws,0,62,58,1,"Black and Red Buffalo Plaid Fleece Throw Blanket for Couch, So",Black and Red Buffalo Plaid Fleece Throw Blanket for Couch,https://www.ebay.com/itm/Black-and-Red-Buffalo-Plaid-Fleece-Throw-Blanket-Couch-So-/407049473636
407049469494,6a4a07277d7628dc88347c94,Curtains & Drapes,0,62,59,1,"Red Curtains for Kids Bedroom 2 Panels,Sheer Gamer Curtains fo","Red Curtains for Kids Bedroom 2 Panels,Sheer Gamer Curtains",https://www.ebay.com/itm/Red-Curtains-Kids-Bedroom-2-Panels-Sheer-Gamer-Curtains-fo-/407049469494
407048697358,6a49731b7d7628dc883475de,Toilet Paper Holders & Storage,0,62,60,1,"Recessed Toilet Paper Holder, Stainless Steel Durable Tissue R","Recessed Toilet Paper Holder, Stainless Steel Durable Tissue",https://www.ebay.com/itm/Recessed-Toilet-Paper-Holder-Stainless-Steel-Durable-Tissue-Roll-Holder-Wall-Mo-/407048697358
407047972781,6a49048dafe21dc7d7a6973d,Racks & Holders,0,62,55,1,"Dish Drying Rack, Stainless Steel-Dish Rack, Dish Racks for Ki","Dish Drying Rack, Stainless Steel-Dish Rack, Dish Racks",https://www.ebay.com/itm/Dish-Drying-Rack-Stainless-Steel-Dish-Rack-Dish-Racks-Ki-/407047972781
407047922240,6a48ff94d710726fd9b3432b,Towel Racks,0,62,59,1,"Crystal Towel Bar, Adjustable Double Matte Black Towel Rack, B","Crystal Towel Bar, Adjustable Double Matte Black Towel Rack",https://www.ebay.com/itm/Crystal-Towel-Bar-Adjustable-Double-Matte-Black-Towel-Rack-B-/407047922240
407047880276,6a48fd5705ffd0be33b346b5,Furniture Parts,0,62,59,1,8 Pieces Furniture Legs 6 Inches Round Solid Wood Furniture Fe,8 Pieces Furniture Legs 6 Inches Round Solid Wood Furniture,https://www.ebay.com/itm/8-Pieces-Furniture-Legs-6-Inches-Round-Solid-Wood-Furniture-Fe-/407047880276
407059591189,6a4ed61f99c53f7893d7429d,Bowls,0,61,58,1,8 Inch Ceramic Ramen Bowl Set of 2 Pho Bowls 40oz Japanese No,8 Inch Ceramic Ramen Bowl Set of 2 Pho Bowls 40oz Japanese,https://www.ebay.com/itm/8-Inch-Ceramic-Ramen-Bowl-Set-2-Pho-Bowls-40oz-Japanese-No-/407059591189
407052991370,6a4bc49e3f5e5a03e5e56a84,"Wreaths, Garlands & Plants",0,61,59,1,"2Pcs 6FT Norfolk Pine Garlands Realistic, Real Touch Winter X","2Pcs 6FT Norfolk Pine Garlands Realistic, Real Touch Winter",https://www.ebay.com/itm/2Pcs-6FT-Norfolk-Pine-Garlands-Realistic-Real-Touch-Winter-X-/407052991370
407052211583,6a4b85a7b8cbbc9397045465,Candles,0,61,57,1,Flameless Flickering Taper Candles with 2 Remote Controls and,Flameless Flickering Taper Candles with 2 Remote Controls,https://www.ebay.com/itm/Flameless-Flickering-Taper-Candles-2-Remote-Controls-and-/407052211583
407051404786,6a4b0e2ad22a6109c6bb113b,Tripods & Monopods,0,61,58,1,"Tripod Case, 31.5x7 in Heavy Duty Tripod Bag with Shoulder St","Tripod Case, 31.5x7 in Heavy Duty Tripod Bag with Shoulder",https://www.ebay.com/itm/Tripod-Case-31-5x7-Heavy-Duty-Tripod-Bag-Shoulder-St-/407051404786
407051288539,6a4b0664d22a6109c6bb10fe,3D Puzzles,0,61,59,1,"3D Puzzles for Adults Green LED Flying Dutchman, 360 Pieces P","3D Puzzles for Adults Green LED Flying Dutchman, 360 Pieces",https://www.ebay.com/itm/3D-Puzzles-Adults-Green-LED-Flying-Dutchman-360-Pieces-P-/407051288539
407050775514,6a4abd8dd2b3f004c616fab7,Scarves & Wraps,0,61,60,1,"Hooded Blanket Poncho for Women, Sherpa Shawl Wrap with Hood,","Hooded Blanket Poncho for Women, Sherpa Shawl Wrap with Hood",https://www.ebay.com/itm/Hooded-Blanket-Poncho-Women-Sherpa-Shawl-Wrap-Hood-/407050775514
407049520403,6a4a0dd9d22a6109c6bb024f,Electric Heating Pads,0,61,54,1,"Microwave Heating Pad, Microwavable Heated Neck Pillow for Mo","Microwave Heating Pad, Microwavable Heated Neck Pillow",https://www.ebay.com/itm/Microwave-Heating-Pad-Microwavable-Heated-Neck-Pillow-Mo-/407049520403
407048768673,6a4984c035f8d2b8daa96ccd,"String Lights, Fairy Lights",0,61,56,1,"200 LED Easter Lights Outdoor Indoor for Decorations, 66 Ft C","200 LED Easter Lights Outdoor Indoor for Decorations, 66",https://www.ebay.com/itm/200-LED-Easter-Lights-Outdoor-Indoor-Decorations-66-Ft-Connectable-Pastel-E-/407048768673
407033821385,6a417af1eede52475171c74a,Toys,0,61,58,1,Friends Tv Show Central Perk Coffee Mug Plush Dog Toy Rope Ha,Friends Tv Show Central Perk Coffee Mug Plush Dog Toy Rope,https://www.ebay.com/itm/Friends-Tv-Show-Central-Perk-Coffee-Mug-Plush-Dog-Toy-Rope-Ha-/407033821385
407033720631,6a416f6816989dd1c2619d92,Fire Pits,0,61,58,1,Rectangular Gas Fire Pit Table Cover 48X28 Inch Waterproof He,Rectangular Gas Fire Pit Table Cover 48X28 Inch Waterproof,https://www.ebay.com/itm/Rectangular-Gas-Fire-Pit-Table-Cover-48X28-Inch-Waterproof-He-/407033720631
407051341753,6a4b095551e3a99fd1b44870,Frames,0,60,50,1,Picture Frames Collage Display Board with 30 Clips - Multi P,Picture Frames Collage Display Board with 30 Clips,https://www.ebay.com/itm/Picture-Frames-Collage-Display-Board-30-Clips-Multi-P-/407051341753
407051240929,6a4b03a2338473fe3bb447d3,Home Fragrance,0,60,59,1,"Owl Wax Melt Warmer for Home Décor, Wax Warmer for Wax Melt,","Owl Wax Melt Warmer for Home Décor, Wax Warmer for Wax Melt",https://www.ebay.com/itm/Owl-Wax-Melt-Warmer-Home-Decor-Wax-Warmer-Wax-Melt-/407051240929
407051047843,6a4ae924d22a6109c6bb0f9c,Tea Kettles,0,60,58,1,"Oil Rubbed Bronze Bathroom Shower Grab Bar, Home Care Bath H","Oil Rubbed Bronze Bathroom Shower Grab Bar, Home Care Bath",https://www.ebay.com/itm/Oil-Rubbed-Bronze-Bathroom-Shower-Grab-Bar-Home-Care-Bath-H-/407051047843
407050710051,6a4a9e7fc16d5c055e099ab6,Other Travel Accessories,0,60,59,1,"Toiletry Bag for Men - Dry Wet Separate Travel Toiletry Bag,",Toiletry Bag for Men - Dry Wet Separate Travel Toiletry Bag,https://www.ebay.com/itm/Toiletry-Bag-Men-Dry-Wet-Separate-Travel-Toiletry-Bag-Tactical-Molle-Dopp-/407050710051
407049746256,6a4a31207d7628dc88347eda,Camping Furniture,0,60,59,1,"Low Beach Chair, High Back Folding Camping Chair for Adults,","Low Beach Chair, High Back Folding Camping Chair for Adults",https://www.ebay.com/itm/Low-Beach-Chair-High-Back-Folding-Camping-Chair-Adults-/407049746256
407049721341,6a4a2d5dd22a6109c6bb0426,Mouse Pads & Wrist Rests,0,60,57,1,Mouse Pad Wrist Support Keyboard Wrist Rest Pad Ergonomic Mo,Mouse Pad Wrist Support Keyboard Wrist Rest Pad Ergonomic,https://www.ebay.com/itm/Mouse-Pad-Wrist-Support-Keyboard-Wrist-Rest-Pad-Ergonomic-Mo-/407049721341
407048757260,6a49811a35f8d2b8daa96c8f,Mattress Pads & Toppers,0,60,55,1,"Twin XL Mattress Topper, 3 Inch Cooling Mattress Topper - Ge","Twin XL Mattress Topper, 3 Inch Cooling Mattress Topper",https://www.ebay.com/itm/Twin-XL-Mattress-Topper-3-Inch-Cooling-Mattress-Topper-Gel-Memory-Foam-Pr-/407048757260
407033913610,6a41873093dc0a80b92a41ba,Racks & Holders,0,60,58,1,Simple Houseware Soda Can Organizer Dispenser Refrigerator P,Simple Houseware Soda Can Organizer Dispenser Refrigerator,https://www.ebay.com/itm/Simple-Houseware-Soda-Can-Organizer-Dispenser-Refrigerator-P-/407033913610
407051317615,6a4b0949d2b3f004c616fe57,Storage Bags,0,59,57,1,Travel Electronics Organizer Portable Cable Organizer Bag f,Travel Electronics Organizer Portable Cable Organizer Bag,https://www.ebay.com/itm/Travel-Electronics-Organizer-Portable-Cable-Organizer-Bag-f-/407051317615
407050894170,6a4ad1cbd2b3f004c616fc03,Trampolines,0,59,56,1,"Trampoline Outdoor 8FT 10FT 12FT 14FT with Enclosure Net, L",Trampoline Outdoor 8FT 10FT 12FT 14FT with Enclosure Net,https://www.ebay.com/itm/Trampoline-Outdoor-8FT-10FT-12FT-14FT-Enclosure-Net-L-/407050894170
407049773882,6a4a33ea7d7628dc88347ef8,Youth,0,59,57,1,Kids Adjustable Roller Skates for Girls & Boys with Light U,Kids Adjustable Roller Skates for Girls & Boys with Light,https://www.ebay.com/itm/Kids-Adjustable-Roller-Skates-Girls-Boys-Light-U-/407049773882
407033825657,6a417b5bdd72d3cb76fd2dca,Mouse Pads & Wrist Rests,0,59,56,1,Hsurbtra Desk Pad 30 14 Pu Leather Mat Xl Extended Mouse Pa,Hsurbtra Desk Pad 30 14 Pu Leather Mat Xl Extended Mouse,https://www.ebay.com/itm/Hsurbtra-Desk-Pad-30-14-Pu-Leather-Mat-Xl-Extended-Mouse-Pa-/407033825657
407052160940,6a4b8227437ffa5086f21999,Ornaments & Statues,0,58,56,1,"Pink Flamingos Yard Decorations - 2 Pack Extra Large 24"" T","Pink Flamingos Yard Decorations - 2 Pack Extra Large 24""",https://www.ebay.com/itm/Pink-Flamingos-Yard-Decorations-2-Pack-Extra-Large-24-T-/407052160940
407049734043,6a4a2f5cd2b3f004c616f168,Exercise Balls,0,58,55,1,"Exercise Ball Yoga Ball for Fitness, Balance, Stability, o","Exercise Ball Yoga Ball for Fitness, Balance, Stability",https://www.ebay.com/itm/Exercise-Ball-Yoga-Ball-Fitness-Balance-Stability-o-/407049734043
407034026779,6a41a14493dc0a80b92a4333,"Dishes, Feeders & Fountains",0,58,56,1,Neater Pet Brands 9 Cup Stainless Steel Dog Bowls Single N,Neater Pet Brands 9 Cup Stainless Steel Dog Bowls Single,https://www.ebay.com/itm/Neater-Pet-Brands-9-Cup-Stainless-Steel-Dog-Bowls-Single-N-/407034026779
407034022557,6a41a00193dc0a80b92a4328,"Dishes, Feeders & Fountains",0,58,56,1,Neater Pet Brands 5 Cup Stainless Steel Dog Bowls Single N,Neater Pet Brands 5 Cup Stainless Steel Dog Bowls Single,https://www.ebay.com/itm/Neater-Pet-Brands-5-Cup-Stainless-Steel-Dog-Bowls-Single-N-/407034022557
407034013353,6a419ebe1c4108494761a3a0,"Dishes, Feeders & Fountains",0,58,56,1,Neater Pet Brands 7 Cup Stainless Steel Dog Bowls Single N,Neater Pet Brands 7 Cup Stainless Steel Dog Bowls Single,https://www.ebay.com/itm/Neater-Pet-Brands-7-Cup-Stainless-Steel-Dog-Bowls-Single-N-/407034013353
407033835616,6a417ca798aa3a4f3f4a7538,Mouse Pads & Wrist Rests,0,58,56,1,Hsurbtra Desk Pad 355 17 Pu Leather Mat M Extended Mouse P,Hsurbtra Desk Pad 355 17 Pu Leather Mat M Extended Mouse,https://www.ebay.com/itm/Hsurbtra-Desk-Pad-355-17-Pu-Leather-Mat-M-Extended-Mouse-P-/407033835616
407033608995,6a4159101c41084947619f83,Fire Alarms,0,58,56,1,Fire Flavor 100 All Natural Hardwood Smoking Chips Works W,Fire Flavor 100 All Natural Hardwood Smoking Chips Works,https://www.ebay.com/itm/Fire-Flavor-100-All-Natural-Hardwood-Smoking-Chips-Works-W-/407033608995
407051022417,6a4ae75273490fda4309a492,Vases,0,56,49,1,Modern Glass Vase Irised Crystal Clear Glass Vase for Ho,Modern Glass Vase Irised Crystal Clear Glass Vase,https://www.ebay.com/itm/Modern-Glass-Vase-Irised-Crystal-Clear-Glass-Vase-Ho-/407051022417
407033641299,6a415c10a291b5b0106d34cc,Mugs,0,56,53,1,Sweese 15 Porcelain Tea Mug Oz Infuser Lid Loose Leaf Cu,Sweese 15 Porcelain Tea Mug Oz Infuser Lid Loose Leaf,https://www.ebay.com/itm/Sweese-15-Porcelain-Tea-Mug-Oz-Infuser-Lid-Loose-Leaf-Cu-/407033641299
407033614574,6a415a541c41084947619f95,"Floats, Rafts",0,56,53,1,Inflatable Pool Float Tube Sparkly Confetti Swim Ring Du,Inflatable Pool Float Tube Sparkly Confetti Swim Ring,https://www.ebay.com/itm/Inflatable-Pool-Float-Tube-Sparkly-Confetti-Swim-Ring-Du-/407033614574
407033645665,6a415c9693dc0a80b92a3f4a,Hooks & Hangers,0,55,53,1,Acemining 5 Racks 4 Hooks Mop Broom Holder Wall Mount O,Acemining 5 Racks 4 Hooks Mop Broom Holder Wall Mount,https://www.ebay.com/itm/Acemining-5-Racks-4-Hooks-Mop-Broom-Holder-Wall-Mount-O-/407033645665
407033612126,6a415a3c0927a00035fd35fb,Pillows,0,55,52,1,2 Decorative Outdoor Waterproof Pillow Covers Garden Cu,2 Decorative Outdoor Waterproof Pillow Covers Garden,https://www.ebay.com/itm/2-Decorative-Outdoor-Waterproof-Pillow-Covers-Garden-Cu-/407033612126
407052136640,6a4b8051d42cbd5ee804561e,Floral Décor,0,53,52,1,"Preserved Roses in a Box - Gifts for Her, Wife & Mom,","Preserved Roses in a Box - Gifts for Her, Wife & Mom",https://www.ebay.com/itm/Preserved-Roses-Box-Gifts-Her-Wife-Mom-/407052136640
407033697475,6a416a07dd72d3cb76fd2d5d,"Mops, Brooms & Scrubbers",0,53,50,1,Lumimokki 62 Car Wash Mop Kit Cleaning Long Handle St,Lumimokki 62 Car Wash Mop Kit Cleaning Long Handle,https://www.ebay.com/itm/Lumimokki-62-Car-Wash-Mop-Kit-Cleaning-Long-Handle-St-/407033697475
407033901814,6a4186a093dc0a80b92a41ac,Scoops,0,52,49,1,Spring Chef Green Ice Cream Scoop Non-Slip Handle Pr,Spring Chef Green Ice Cream Scoop Non-Slip Handle,https://www.ebay.com/itm/Spring-Chef-Green-Ice-Cream-Scoop-Non-Slip-Handle-Pr-/407033901814
407033893489,6a4185481c4108494761a21c,Ironing Boards,0,52,49,1,Bijun Ironing Board Hanger Wall Mount Iron Holder Wi,Bijun Ironing Board Hanger Wall Mount Iron Holder,https://www.ebay.com/itm/Bijun-Ironing-Board-Hanger-Wall-Mount-Iron-Holder-Wi-/407033893489
407053128612,6a4bd85d00dd642a3ce6b0e8,Wallets,0,51,48,1,Blocking Slim Money Clip Wallet – Leather Bifold Fr,Blocking Slim Money Clip Wallet – Leather Bifold,https://www.ebay.com/itm/RFID-Blocking-Slim-Money-Clip-Wallet-Leather-Bifold-Fr-/407053128612
407050976415,6a4ae2dad22a6109c6bb0f49,Bath Bombs & Fizzies,0,51,48,1,"Bath Bombs, 7 Natural Bath Bomb Gift Set, Bubble Ba","Bath Bombs, 7 Natural Bath Bomb Gift Set, Bubble",https://www.ebay.com/itm/Bath-Bombs-7-Natural-Bath-Bomb-Gift-Set-Bubble-Ba-/407050976415
407033958720,6a419414eede52475171c90f,Extension Cords,0,50,47,1,Ultrapro Outdoor Extension Cord 15 Ft Certified Pr,Ultrapro Outdoor Extension Cord 15 Ft Certified,https://www.ebay.com/itm/Ultrapro-Outdoor-Extension-Cord-15-Ft-Certified-Pr-/407033958720
407033694056,6a4169e4dd72d3cb76fd2d59,"Tool Bags, Belts & Pouches",0,49,46,1,Bucket Car Wash Tool Organizer Garden Cleaning Or,Bucket Car Wash Tool Organizer Garden Cleaning,https://www.ebay.com/itm/Bucket-Car-Wash-Tool-Organizer-Garden-Cleaning-/407033694056
407034006141,6a419d391c4108494761a393,"Stands, Holders & Car Mounts",0,39,37,1,Keyboard Stand Ergonomic Riser Laptop N,Keyboard Stand Ergonomic Riser Laptop,https://www.ebay.com/itm/Keyboard-Stand-Ergonomic-Riser-Laptop-N-/407034006141
407033895523,6a41858193dc0a80b92a4190,Beds,0,31,25,1,Kitty City Cat Bed Cotton W L H,Kitty City Cat Bed Cotton,https://www.ebay.com/itm/Kitty-City-Cat-Bed-Cotton-W-L-H-/407033895523
